Workbook

Sheet resumen
A2: MES | B2: CL NETO | C2: CL IVA | D2: USD NETO | E2: USD TOTAL
A3: Enero | B3: =Enero!C31 -> 2148322 | C3: =Enero!C33 -> 2556503.2 | D3: =Enero!E31 -> 2217.0506 | E3: =Enero!E33 -> 2638.2902 | F3: pagado
A4: Febrero | B4: =Febrero!C26 -> 1651887 | C4: =Febrero!C28 -> 1965745.5 | D4: =Febrero!E26 -> 1733.1546 | E4: =Febrero!E28 -> 2062.454 | F4: pagado
A5: Marzo | B5: =Marzo!C31 -> 3967962 | C5: =Marzo!C33 -> 4721874.8 | D5: =Marzo!E31 -> 4066.3681 | E5: =Marzo!E33 -> 4838.978 | F5: pagado
A6: Abril | B6: =Abril!C26 -> 3774108 | C6: =Abril!C28 -> 4491188.5 | D6: =Abril!E26 -> 4014.2398 | E6: =Abril!E28 -> 4776.9454 | F6: pagado
A7: Mayo | B7: =Mayo!C26 -> 3963334 | C7: =Mayo!C28 -> 4716367.5 | D7: =Mayo!E26 -> 4230.3088 | E7: =Mayo!E28 -> 5034.0675 | F7: pagado
A8: Junio | B8: =Junio!C25 -> 4008150 | C8: =Junio!C27 -> 4769698.5 | D8: =Junio!E25 -> 4326.0731 | E8: =Junio!E27 -> 5148.027 | F8: pagado
A9: Julio | B9: =Julio!C25 -> 2134824 | C9: =Julio!C27 -> 2540440.6 | D9: =Julio!E25 -> 2209.9627 | E9: =Julio!E27 -> 2629.8557 | F9: pagado
A10: Agosto | B10: =Agosto!C25 -> 2217073 | C10: =Agosto!C27 -> 2638316.9 | D10: =Agosto!E25 -> 2275.9519 | E10: =Agosto!E27 -> 2708.3827 | F10: pagado
A11: INVERTIDO | B11: =SUM(B3:B10) -> 23865660 | C11: =SUM(C3:C10) -> 28400135 | D11: =SUM(D3:D10) -> 25073.11 | E11: =SUM(E3:E10) -> 29837
A13: Septiembre | B13: =pptSept!C26 -> 2502773 | C13: =pptSept!C28 -> 2978299.9 | D13: =pptSept!E26 -> 2602.8798 | E13: =pptSept!E28 -> 3097.4269 | F13: pagado
A14: Octubre | B14: =pptOct!C25 -> 4272917 | C14: =pptOct!C27 -> 5084771.2 | D14: =pptOct!E25 -> 4520.9834 | E14: =pptOct!E27 -> 5379.9702 | F14: pagado
A15: Noviembre | B15: =pptNov!C29 -> 4255240 | C15: =pptNov!C31 -> 5063735.6 | D15: =pptNov!E29 -> 4634.5804 | E15: =pptNov!E31 -> 5515.1507 | F15: pagado
A16: Diciembre | B16: =pptDIC!C24 -> 3751074 | C16: =pptDIC!C26 -> 4463778.1 | D16: =pptDIC!E24 -> 4160.6944 | E16: =pptDIC!E26 -> 4951.2263 | F16: pendiente
A17: SIN INVERTIR | B17: =SUM(B13:B16) -> 14782004 | C17: =SUM(C13:C16) -> 17590585 | D17: =SUM(D13:D16) -> 15919.138 | E17: =SUM(E13:E16) -> 18943.774
A19: ANUAL | B19: =B11+B17 -> 38647664 | C19: =C11+C17 -> 45990720 | D19: =D11+D17 -> 40992.248 | E19: =E11+E17 -> 48780.775

Sheet Enero
A1: 45658
B2: PLATAFORMAS | C2: MONTO PESOS | D2: FACTURA | E2: US del dia 969 | F2: TESTIMONIOS
A3: CONVERSION | B3: Google | C3: 819560 | D3: 20250131
B4: Meta cola dic. | C4: 77748 | D4: 8749154898530171-8776025262509806
B5: Meta | C5: 28109 | D5: 8776309499148049-8730744877037839
B6: Meta | C6: 55269 | D6: 8700792476699744-8731318266980503
B7: Meta | C7: 443730 | D7: 8945198845592446-8855436034568724
C9: =SUM(C3:C7) -> 1424416 | E9: =C9/969 -> 1469.9856
A11: APERTURA | B11: Meta cola dic. | C11: 254038 | D11: 8945198845592446-8855436034568724
B12: Meta | C12: 48158 | D12: 8749154898530171-8776025262509806
C14: =SUM(C11:C12) -> 302196 | E14: =C14/969 -> 311.86378
A16: INFLUENCERS | B16: Permanente - Kari (2 videos) | C16: 100000 | D16: bhe_83 | F16: https://www.instagram.com/p/DEyFmC5v-_8/
F17: https://www.instagram.com/p/DFdVwNNvEp6/
B18: Apoyo Flexi tips (mafer) | C18: 15000 | D18: bhe_8 | F18: https://www.instagram.com/p/DEvlzk2xpm-/
C20: =SUM(C16:C19) -> 115000 | E20: =C20/969 -> 118.67905
A22: VIDEO, GUIONES Y MATERIALES EXTRAS | B22: Reel flexitips | C22: 80000 | D22: bhe_181 | F22: https://www.instagram.com/p/DEvlzk2xpm-/
B23: Reel zapatilla flexi | C23: 80000 | D23: bhe_181 | F23: https://www.instagram.com/p/DFYvr8QxTxo/
B24: Conector Dashboard Enero | C24: 14660 | D24: 140B68EC-0003
B25: Conector Dashboard Anual -Enero | C25: 132050 | D25: 140B68EC-0002
C27: =SUM(C22:C25) -> 306710 | E27: =C27/969 -> 316.52219
B31: Total sin iva | C31: =SUM(C9+C14+C20+C27) -> 2148322 | E31: =C31/969 -> 2217.0506
B32: iva | C32: =C31*19/100 -> 408181.18 | E32: =C32/969 -> 421.23961
B33: total | C33: =SUM(C31:C32) -> 2556503.2 | E33: =C33/969 -> 2638.2902
C36: factura 611 | D36: proforma N7 | F36: PAGADO

Sheet Febrero
A1: 2025
B2: PLATAFORMAS | C2: MONTO PESOS | D2: FACTURA | E2: US del dia | F2: TESTIMONIOS
A3: CONVERSION | B3: Google | C3: 831698 | D3: 20250228
B4: Meta | C4: 444737 | D4: Meta_9029757547136572-9037682303010759
B5: Meta | C5: 39376 | D5: Meta_9163419147103745-9019491904829802
B6: Meta | C6: 2626 | D6: Meta_8997438513701804-9038348866277436
C7: =SUM(C3:C6) -> 1318437 | E7: =C7/953.11 -> 1383.2999
A9: APERTURA | B9: Meta | C9: 122218 | D9: Meta_9029757547136572-9037682303010759
C10: 1123 | D10: Meta_9163419147103745-9019491904829802
C11: 109 | D11: Meta_8997438513701804-9038348866277436
C12: =SUM(C9:C11) -> 123450 | E12: =C12/953.11 -> 129.52335
A14: INFLUENCERS | B14: Permanente - Kari (1 video) | C14: 50000 | D14: bhe-87Kari | F14: https://www.instagram.com/p/DGB-NuARw3p/
C17: =SUM(C14:C16) -> 50000 | E17: =C17/953.11 -> 52.459842
A19: VIDEO, GUIONES Y MATERIALES EXTRAS | B19: Reel 1 | C19: 80000 | D19: bhe_183_videosAndy | F19: https://www.instagram.com/p/DF3lRozxLyq/
B20: Reel 2 | C20: 80000 | D20: bhe_183_videosAndy | F20: https://www.instagram.com/p/DGMPF8cP8sc/
C22: =SUM(C19:C20) -> 160000 | E22: =C22/953.11 -> 167.87149
C25: CL | E25: USD
B26: Total Febrero | C26: =SUM(C7+C12+C17+C22) -> 1651887 | E26: =C26/953.11 -> 1733.1546
B27: iva | C27: =C26*19/100 -> 313858.53 | E27: =C27/953.11 -> 329.29938
B28: total | C28: =SUM(C26:C27) -> 1965745.5 | E28: =C28/953.11 -> 2062.454
C31: factura 617 | D31: proforma N8 | F31: PAGADO

Sheet Marzo
A1: 2025
B2: PLATAFORMAS | C2: MONTO PESOS | D2: FACTURA | E2: US del dia | F2: TESTIMONIOS
A3: CONVERSION | B3: Google | C3: 883702 | D3: google_8379915865627719_20250331
B4: Meta | C4: 569153 | D4: Meta_facturasMarzo.zip
C7: =SUM(C3:C6) -> 1452855 | E7: =C7/975.8 -> 1488.886
A9: APERTURA | B9: Meta reconocimiento y trafico | C9: 1159814 | D9: Meta_facturasMarzo.zip
C12: =SUM(C9:C11) -> 1159814 | E12: =C12/975.8 -> 1188.5776
A14: INFLUENCERS | B14: 3 videios Kari Santoro | C14: 150000 | D14: boleta_kari_90 | F14: https://www.instagram.com/p/DGyZLPUR80l/
F15: https://www.instagram.com/p/DHbhwdWx42q/
F16: https://www.instagram.com/p/DHrjWXIxuuh/
B18: Influencers Agencia - Javiera | C18: 409357 | D18: FAC 000933 - InfluencersAgencia | F18: https://www.instagram.com/p/DGwSKXGxnL-/
B19: Influencers Agencia - Marianne S. | C19: 350877 | D19: FAC 000933 - InfluencersAgencia | F19: https://www.instagram.com/p/DHKIcjmx5rW/
B20: Fee agencia (25%) | C20: 190059 | D20: FAC 000933 - InfluencersAgencia
C21: =SUM(C14:C20) -> 1100293 | E21: =C21/975.8 -> 1127.5804
A23: VIDEO, GUIONES Y MATERIALES EXTRAS | B23: Reel 1 -Andy G. / Guiones, grab, edición | C23: 80000 | D23: boletaAndy_186 | F23: https://www.instagram.com/p/DG4DftjMVtX/
B24: Reel 2 -Andy G. / Guiones, grab, edición | C24: 80000 | D24: boletaAndy_186 | F24: https://www.instagram.com/p/DG9T7zqstZf/
B25: Reel 3 -Andy G. / Guiones, grab, edición | C25: 80000 | D25: boletaAndy_187 | F25: https://www.instagram.com/p/DHrjWXIxuuh/
B26: Mafer - Apoyo Flexitips | C26: 15000 | D26: boletaMafer_26797857-9 | F26: https://www.instagram.com/p/DG4DftjMVtX/
C27: =SUM(C23:C26) -> 255000 | E27: =C27/975.8 -> 261.32404
C30: CL | E30: USD
B31: Total Marzo | C31: =SUM(C7+C12+C21+C27) -> 3967962 | E31: =C31/975.8 -> 4066.3681
B32: iva | C32: =C31*19/100 -> 753912.78 | E32: =C32/975.8 -> 772.60994
B33: total | C33: =SUM(C31:C32) -> 4721874.8 | E33: =C33/975.8 -> 4838.978
C35: factura 642 | D35: proforma N9 | F35: PAGADO

Sheet Abril
A1: 2025
B2: PLATAFORMAS | C2: MONTO PESOS | D2: FACTURA | E2: US del dia | F2: TESTIMONIOS
A3: CONVERSION | B3: Google | C3: 930834 | D3: google_20250430
B4: Meta | C4: 532106 | D4: pagos_metaAbril2025.zip
C6: =SUM(C3:C5) -> 1462940 | E6: =C6/940.18 -> 1556.0212
A8: APERTURA | B8: Meta reconocimiento y trafico | C8: 1243306 | D8: pagos_metaAbril2025.zip
C11: =SUM(C8:C10) -> 1243306 | E11: =C11/940.18 -> 1322.4127
A13: INFLUENCERS | B13: 2 videos Kari Santoro | C13: 150000 | D13: bhe_kari-93 | F13: https://www.instagram.com/p/DIzz5r4Rkv2/ | G13: https://www.instagram.com/p/DJAKducPsRF/
B14: Influencers 1 | C14: 409357 | D14: Agencia_FAC_1006 | F14: https://www.instagram.com/p/DIKjNiSRY-0/
B15: Fee agencia (25%) | C15: 102339 | D15: Agencia_FAC_1006
C16: =SUM(C13:C15) -> 661696 | E16: =C16/940.18 -> 703.79715
A18: VIDEO, GUIONES Y MATERIALES EXTRAS | B18: Reel 3 -Andy G. / Guiones, grab, edición | C18: 240000 | D18: bhe_Andy-189 | F18: https://www.instagram.com/p/DIcecHNxJd0/ | G18: https://www.instagram.com/p/DIxQ-2sxi9B/ | H18: https://www.instagram.com/p/DIzz5r4Rkv2/
B19: grabación y edición, influencer agencia | C19: 80000 | D19: bhe_Andy-189 | F19: https://www.instagram.com/p/DIKjNiSRY-0/
B20: Apoyo - Seba video mamá | C20: 20000 | D20: bhe_mafer-10 | F20: https://www.instagram.com/p/DI4s38aoO9o/
B21: materiales /microfono para grabación | C21: 66166 | D21: MercadoPago_79661885 | F21: https://www.instagram.com/p/DI4s38aoO9o/
C22: =SUM(C18:C21) -> 406166 | E22: =C22/940.18 -> 432.00876
C25: CL | E25: USD
B26: Total Abril | C26: =SUM(C6+C11+C16+C22) -> 3774108 | E26: =C26/940.18 -> 4014.2398
B27: iva | C27: =C26*19/100 -> 717080.52 | E27: =C27/940.18 -> 762.70557
B28: total | C28: =SUM(C26:C27) -> 4491188.5 | E28: =C28/940.18 -> 4776.9454
C31: factura 660 | D31: proforma 10 | F31: PAGADO

Sheet Mayo
A1: 2025
B2: PLATAFORMAS | C2: MONTO PESOS | D2: FACTURA | E2: US del dia | F2: TESTIMONIOS
A3: CONVERSION | B3: Google | C3: 910543 | D3: google_8379915865627719_20250531
B4: Meta | C4: 559446 | D4: meta_Mayo2025
C6: =SUM(C3:C5) -> 1469989 | E6: =C6/936.89 -> 1569.0092
A8: APERTURA | B8: Meta reconocimiento y trafico | C8: 1143954 | D8: meta_Mayo2025
C11: =SUM(C8:C10) -> 1143954 | E11: =C11/936.89 -> 1221.0121
A13: INFLUENCERS | B13: 1 video Kari Santoro | C13: 60000 | D13: bhe_Kari-95 | F13: https://www.instagram.com/p/DJ-WGFCv6-I/
B14: Influencers 1 - Luis Ugalde | C14: 150000 | D14: bhe_infl_luisU-96 | F14: https://www.instagram.com/p/DJKPmU0R3tF/
B15: Influencers 2 - Simón Oliveros | C15: 350000 | D15: bhe_simon-112 | F15: https://www.instagram.com/p/DKGLFfXxqgK/
C16: =SUM(C13:C15) -> 560000 | E16: =C16/936.89 -> 597.72225
A18: VIDEO, GUIONES Y MATERIALES EXTRAS | B18: Reel 4-Andy G. / Guiones, grab, edición | C18: 320000 | D18: bhe_andy-195 | F18: https://www.instagram.com/p/DJKPmU0R3tF/ | G18: https://www.instagram.com/p/DKGLFfXxqgK/ | H18: https://www.instagram.com/p/DJe59iXx3nI/ | I18: https://www.instagram.com/p/DKVuEpFxgju/
B19: Apoyo - video Vespucio | C19: 20000 | D19: bhe_Sebastian-1 | F19: video en edición - cierre Vespucio q se atraso
B20: materiales - APSSORTEO | C20: 9000 | D20: APPSORTEOSCOM_0000423932 | F20: https://www.instagram.com/p/DJdFiu1RhqS/ | G20: * app para poder hacer sorteo de concurso
B21: optimización etiqueta .cl | C21: 440391 | D21: Cetryk_F.295 | F21: https://www.flexishoes.cl/mujer | G21: * etiqueta que muestra si llega hoy o mañana el calzado, si vives en la region principal del pais, esto ayuda a la decisión de compra del cliente.
C22: =SUM(C18:C21) -> 789391 | E22: =C22/936.89 -> 842.5653
C25: CL | E25: USD
B26: Total Mayo | C26: =SUM(C6+C11+C16+C22) -> 3963334 | E26: =C26/936.89 -> 4230.3088
B27: iva | C27: =C26*19/100 -> 753033.46 | E27: =C27/936.89 -> 803.75867
B28: total | C28: =SUM(C26:C27) -> 4716367.5 | E28: =C28/936.89 -> 5034.0675
C31: factura 671 | D31: proforma | E31: 11 | F31: PAGADO

Sheet Junio
A1: 2025
B2: PLATAFORMAS | C2: MONTO PESOS | D2: FACTURA | E2: US del dia | F2: TESTIMONIOS
A3: CONVERSION | B3: Google normal + cyber | C3: 1529019 | D3: google_8379915865627719
B4: Meta normal + cyber | C4: 857204 | D4: meta_facturasJunio
C6: =SUM(C3:C5) -> 2386223 | E6: =C6/926.51 -> 2575.4962
A8: APERTURA | B8: Meta reconocimiento y trafico | C8: 461927 | D8: meta_facturasJunio
C11: =SUM(C8:C10) -> 461927 | E11: =C11/926.51 -> 498.56666
A13: INFLUENCERS | B13: 2 videos Kari Santoro | C13: 100000 | D13: bhe_Kari-101 | F13: https://www.instagram.com/p/DLGd8TKvbR5/ | G13: https://www.instagram.com/p/DLisPRgx2VT/
B14: Maca toundro | C14: 650000 | D14: Factura_AgenciaMT385 | F14: https://www.instagram.com/p/DKVuEpFxgju/
B15: agencia | C15: 150000 | D15: Factura_AgenciaMT385 | F15: https://www.instagram.com/p/DKVuEpFxgju/
C16: =SUM(C13:C15) -> 900000 | E16: =C16/926.51 -> 971.38725
A18: VIDEO, GUIONES Y MATERIALES EXTRAS | B18: 3 videos ig | C18: 240000 | D18: bhe_Andy-200 | F18: https://www.instagram.com/p/DKVuEpFxgju/ | G18: https://www.instagram.com/p/DLbNE0yxRwA/ | H18: https://www.instagram.com/p/DLWCAlLRo9P/
B19: apoyo video | C19: 20000 | D19: bhe_apoyo-24 | F19: https://www.instagram.com/p/DLWCAlLRo9P/
C21: =SUM(C18:C20) -> 260000 | E21: =C21/926.51 -> 280.62298
C24: CL | E24: USD
B25: Total Junio | C25: =SUM(C6+C11+C16+C21) -> 4008150 | E25: =C25/926.51 -> 4326.0731
B26: iva | C26: =C25*19/100 -> 761548.5 | E26: =C26/926.51 -> 821.95389
B27: total | C27: =SUM(C25:C26) -> 4769698.5 | E27: =C27/926.51 -> 5148.027
C30: factura 684 | D30: Proforma 12 | E30: PAGADO 5.140,48

Sheet Julio
A1: 2025
B2: PLATAFORMAS | C2: MONTO PESOS | D2: FACTURA | E2: US del dia | F2: TESTIMONIOS
A3: CONVERSION | B3: Google | C3: 793708 | D3: google_8379915865627719_20250731
B4: Meta | C4: 422884 | D4: Meta_pagosJulio
C6: =SUM(C3:C5) -> 1216592 | E6: =C6/966 -> 1259.412
A8: APERTURA | B8: Meta reconocimiento y trafico | C8: 308232 | D8: Meta_pagosJulio
C11: =SUM(C8:C10) -> 308232 | E11: =C11/966 -> 319.08075
A13: INFLUENCERS | B13: Marianne | C13: 350000 | D13: bhe_20Marianne | F13: https://www.instagram.com/p/DL6GQ-Bxiec/
C16: =SUM(C13:C15) -> 350000 | E16: =C16/966 -> 362.31884
A18: VIDEO, GUIONES Y MATERIALES EXTRAS | B18: 3 videos ig | C18: 240000 | D18: bhe_Andy-209 | F18: https://www.instagram.com/p/DLoNTRix7Cz/ | G18: https://www.instagram.com/p/DL6GQ-Bxiec/ | H18: https://www.instagram.com/p/DMJnYxWOn5D/
B19: apoyo video | C19: 20000 | D19: bhe_Mafer-11 | F19: https://www.instagram.com/p/DMJnYxWOn5D/
C21: =SUM(C18:C20) -> 260000 | E21: =C21/966 -> 269.15114
C24: CL
B25: Total Julio | C25: =SUM(C6+C11+C16+C21) -> 2134824 | E25: =SUM(E6:E21) -> 2209.9627
B26: iva | C26: =C25*19/100 -> 405616.56 | E26: =C26/966 -> 419.89292
B27: total | C27: =SUM(C25:C26) -> 2540440.6 | E27: =C27/966 -> 2629.8557
C30: factura 696 | D30: Proforma 13 | E30: PAGADO

Sheet Agosto
A1: 2025
B2: PLATAFORMAS | C2: MONTO PESOS | D2: FACTURA | E2: US del dia | F2: TESTIMONIOS
A3: CONVERSION | B3: Google | C3: 777567 | D3: google_8379915865627719_20250831 | E3: =C3/974.13 -> 798.21687
B4: Meta | C4: 482226 | D4: pagos_metaAgosto2025 | E4: =C4/974.13 -> 495.03249
C6: =SUM(C3:C5) -> 1259793 | E6: =C6/974.13 -> 1293.2494
A8: APERTURA | B8: Meta reconocimiento y trafico | C8: 302280 | D8: pagos_metaAgosto2025 | E8: =C8/974.13 -> 310.30766
C11: =SUM(C8:C10) -> 302280 | E11: =C11/974.13 -> 310.30766
A13: INFLUENCERS | B13: Luis Ugalde | C13: 150000 | D13: bhe_luisUgalde_97 | E13: =C13/974.13 -> 153.98355 | F13: https://www.instagram.com/p/DM_nubhx4e9/
B14: ugc 50% | C14: 245000 | D14: Facel 48_50%UGC | E14: =C14/974.13 -> 251.50647 | F14: Ugc Creators | Agosto | Flexi | G14: Esto se coordino en Agosto para publicar en Septiembre.
B15: ugc Talca | C15: 80000 | D15: bhe_felicesporelmundo_39 | E15: =C15/974.13 -> 82.124562 | F15: https://www.instagram.com/p/DNoBAGJua0e/
C16: =SUM(C13:C15) -> 475000 | E16: =C16/974.13 -> 487.61459
A18: VIDEO, GUIONES Y MATERIALES EXTRAS | B18: 2 videos ig | C18: 160000 | D18: bhe_Andy-215 | E18: =C18/974.13 -> 164.24912 | F18: https://www.instagram.com/p/DM_nubhx4e9/ | G18: https://www.instagram.com/p/DNhE4reRI8g/
B19: apoyo video | C19: 20000 | D19: bhe_Coni-26 | E19: =C19/974.13 -> 20.531141 | F19: https://www.instagram.com/p/DNhE4reRI8g/
C21: =SUM(C18:C20) -> 180000 | E21: =C21/974.13 -> 184.78027
C24: CL
B25: Total Agosto | C25: =SUM(C6+C11+C16+C21) -> 2217073 | E25: =C25/974.13 -> 2275.9519
B26: iva | C26: =C25*19/100 -> 421243.87 | E26: =C26/974.13 -> 432.43086
B27: total | C27: =SUM(C25:C26) -> 2638316.9 | E27: =C27/974.13 -> 2708.3827
C30: factura 697 | D30: Proforma 14 | E30: PAGADO

Sheet pptSept
A1: 2025
B2: PLATAFORMAS | C2: MONTO PESOS | D2: FACTURA | E2: US del dia | F2: TESTIMONIOS
A3: CONVERSION | B3: Google | C3: 765488 | D3: google_8379915865627719_20250930 | E3: =C3/961.54 -> 796.10625
B4: Meta | C4: 495010 | D4: facturas_MetaSept | E4: =C4/961.54 -> 514.80958
C6: =SUM(C3:C5) -> 1260498 | E6: =C6/961.54 -> 1310.9158
A8: APERTURA | B8: Meta reconocimiento y trafico | C8: 497025 | D8: facturas_MetaSept | E8: =C8/961.54 -> 516.90517
C11: =SUM(C8:C10) -> 497025 | E11: =C11/961.54 -> 516.90517
A13: INFLUENCERS | B13: ugc 50% | C13: 291550 | D13: Facel 60_ugcSeptiembre | E13: =C13/961.54 -> 303.21151 | F13: https://www.instagram.com/p/DOM3ir_jj1A/ | G13: https://www.instagram.com/p/DOpFZfbDvjD/ | H13: https://www.instagram.com/p/DPC3G8BjgOw/
E14: =C14/968.35 -> 0
E15: =C15/968.35 -> 0
C16: =SUM(C13:C15) -> 291550 | E16: =C16/961.54 -> 303.21151
A18: VIDEO, GUIONES Y MATERIALES EXTRAS | B18: 2 videos ig | C18: 160000 | D18: bhe_andy-221 | E18: =C18/961.54 -> 166.39973 | F18: https://www.instagram.com/p/DOwzQYADpV9/ | G18: https://www.instagram.com/p/DOcPJ6hjqiJ/
B19: apoyo video | C19: 20000 | D19: Mafer_bhe-12 | E19: =C19/961.54 -> 20.799967 | F19: https://www.instagram.com/p/DOcPJ6hjqiJ/
B20: tarjetas activaciones | C20: 273700 | D20: giftcards_258 | E20: =C20/961.54 -> 284.64754
C22: =SUM(C18:C20) -> 453700 | E22: =C22/961.54 -> 471.84725
C25: CL
B26: Total Septiembre | C26: =SUM(C6+C11+C16+C22) -> 2502773 | E26: =C26/961.54 -> 2602.8798
B27: iva | C27: =C26*19/100 -> 475526.87 | E27: =C27/961.54 -> 494.54715
B28: total | C28: =SUM(C26:C27) -> 2978299.9 | E28: =C28/961.54 -> 3097.4269
C31: factura 708 | D31: Proforma 15 | E31: ok

Sheet pptOct
A1: 2025
B2: PLATAFORMAS | C2: MONTO PESOS | D2: FACTURA | E2: US del dia | F2: TESTIMONIOS
A3: CONVERSION | B3: Google (con refuerzo cyber) | C3: 1261548 | D3: google_8379915865627719_20251031 | E3: =C3/945.13 -> 1334.7878
B4: Meta (con refuerzo cyber) | C4: 1163655 | D4: pagos_metaOctubre | E4: =C4/945.13 -> 1231.2116
C6: =SUM(C3:C4) -> 2425203 | E6: =C6/945.13 -> 2565.9994
A8: APERTURA | B8: Meta reconocimiento y trafico | C8: 948214 | D8: pagos_metaOctubre | E8: =C8/945.13 -> 1003.263
C11: =SUM(C8:C10) -> 948214 | E11: =C11/945.13 -> 1003.263
A13: INFLUENCERS | B13: ugc 50% | C13: 245000 | D13: Facel 65_ugc Oct50% | E13: =C13/945.13 -> 259.2236 | F13: https://www.instagram.com/p/DQaY9rajlXD/ | G13: https://drive.google.com/drive/folders/1B_LZYTskRkgsIlztw2OrnprfccvBzykg?usp=sharing | H13: https://drive.google.com/drive/u/0/folders/1JjMdEJVTwL2wsuxu8QNU0d7peHw6A4kc
C15: =SUM(C13:C14) -> 245000 | E15: =C15/945.13 -> 259.2236
A17: VIDEO, GUIONES Y MATERIALES EXTRAS | B17: 2 videos ig | C17: 160000 | D17: andyOct_226 | E17: =C17/945.13 -> 169.28888 | F17: https://www.instagram.com/p/DQSpcXCjvbH/ | G17: https://drive.google.com/file/d/1OUQMkcanK4Ozo1ovhLQsXWz0cOEbUHpG/view?usp=sharing
B18: apoyo video | C18: 25000 | D18: bhe_Coni-28 | E18: =C18/945.13 -> 26.451388 | F18: https://www.instagram.com/p/DQSpcXCjvbH/
B19: data4sale | C19: 469500 | D19: D4SFactura_1863 | E19: =C19/945.13 -> 496.75706
C21: =SUM(C17:C19) -> 654500 | E21: =C21/945.13 -> 692.49733
C24: CL
B25: Total Octubre | C25: =SUM(C6+C11+C15+C21) -> 4272917 | E25: =C25/945.13 -> 4520.9834
B26: iva | C26: =C25*19/100 -> 811854.23 | E26: =C26/945.13 -> 858.98684
B27: total | C27: =SUM(C25:C26) -> 5084771.2 | E27: =C27/945.13 -> 5379.9702
C30: factura 718 | D30: Proforma 16 | E30: pagado

Sheet pptNov
A1: 2025
B2: PLATAFORMAS | C2: MONTO PESOS | D2: FACTURA | E2: US del dia | F2: TESTIMONIOS
A3: CONVERSION | B3: Google | C3: 867932 | D3: Google_8379915865627719_20251130 | E3: =C3/918.15 -> 945.30523
B4: Meta | C4: 762731 | D4: meta_facturasNov25 | E4: =C4/918.15 -> 830.72592
C7: =SUM(C3:C5) -> 1630663 | E7: =C7/918.15 -> 1776.0311
A9: APERTURA | B9: Meta reconocimiento y trafico | C9: 1269132 | D9: meta_facturasNov25 | E9: =C9/918.15 -> 1382.2709
C12: =SUM(C9:C11) -> 1269132 | E12: =C12/918.15 -> 1382.2709
A14: INFLUENCERS | B14: ugc 50% | C14: 245000 | D14: Facel 73_ugc(terminooct) | E14: =C14/918.15 -> 266.84093 | F14: https://www.instagram.com/p/DQ-aWLljoQk/ | G14: https://www.instagram.com/p/DQsZ_oDjvu0/ | H14: https://www.instagram.com/p/DQaY9rajlXD/
B15: influencer MARIANNE | C15: 350000 | D15: bhe_Marianne-23 | E15: =C15/918.15 -> 381.20133 | F15: https://www.instagram.com/p/DRazMIkjgqS/
B16: ugc 50% TM | C16: 245000 | D16: Facel75_ugc_Dic | E16: =C16/918.15 -> 266.84093 | F16: https://www.instagram.com/p/DR3Fi8GDkyw/ | G16: se estan grabando los otros dos para diciembre
B17: Ugc Talca | C17: 80000 | D17: Ugc_talca_45 | E17: =C17/918.15 -> 87.131732 | F17: https://www.instagram.com/p/DRfvP1OAEJn/
C19: =SUM(C14:C17) -> 920000 | E19: =C19/918.15 -> 1002.0149
A21: VIDEO, GUIONES Y MATERIALES EXTRAS | B21: 2 videos ig | C21: 160000 | D21: bhe_Andy-237 | E21: =C21/918.15 -> 174.26346 | F21: https://www.instagram.com/p/DRazMIkjgqS/ | G21: https://drive.google.com/drive/folders/1RGCOSQsur7mPpoKJm0mwr_OIZo25r4Ql
B22: data4sale (15 dias) | C22: 275445 | D22: e-Factura2088_noviembre(15dias) | E22: =C22/918.15 -> 300
C25: =SUM(C21:C23) -> 435445 | E25: =C25/918.15 -> 474.26346
C28: CL
B29: Total Noviembre | C29: =SUM(C7+C12+C19+C25) -> 4255240 | E29: =C29/918.15 -> 4634.5804
B30: iva | C30: =C29*19/100 -> 808495.6 | E30: =C30/918.15 -> 880.57028
B31: total | C31: =SUM(C29:C30) -> 5063735.6 | E31: =C31/918.15 -> 5515.1507
C34: factura 727 | D34: proforma | E34: 17 | F34: pagado

Sheet pptDIC
A1: 2025
B2: PLATAFORMAS | C2: MONTO PESOS | D2: FACTURA | E2: US del dia | F2: TESTIMONIOS
A3: CONVERSION | B3: Google | C3: 1167934 | D3: google_8379915865627719_20251231 | E3: =C3/901.55 -> 1295.4734
B4: Meta | C4: 922070 | D4: inv_metaDic25 | E4: =C4/901.55 -> 1022.7608
C6: =SUM(C3:C4) -> 2090004 | E6: =C6/901.55 -> 2318.2342
A8: APERTURA | B8: Meta reconocimiento y trafico | C8: 1256070 | D8: inv_metaDic25 | E8: =C8/901.55 -> 1393.2339
C11: =SUM(C8:C10) -> 1256070 | E11: =C11/901.55 -> 1393.2339
A13: INFLUENCERS | B13: ugc 50% | C13: 245000 | D13: Hello_2do50%_85 | E13: =C13/901.55 -> 271.7542 | F13: https://www.instagram.com/flexichile/reel/DS3fMxxDuKP/ | G13: https://www.instagram.com/flexichile/reel/DSGhL-1DiU8/ | H13: https://www.instagram.com/flexichile/reel/DR3Fi8GDkyw/
E14: =C14/968.35 -> 0
E15: =C15/968.35 -> 0
C16: =SUM(C13:C15) -> 245000 | E16: =C16/901.55 -> 271.7542
A18: VIDEO, GUIONES Y MATERIALES EXTRAS | B18: 2 videos ig | C18: 160000 | D18: bhe_andy-243 | E18: =C18/901.55 -> 177.47213 | F18: https://www.instagram.com/flexichile/reel/DSi2BLtjr_U/ | G18: https://www.instagram.com/flexichile/reel/DSfhppJDnvX/
C20: =SUM(C18:C19) -> 160000 | E20: =C20/901.55 -> 177.47213
C23: CL
B24: Total diciembre | C24: =SUM(C6+C11+C16+C20) -> 3751074 | E24: =C24/901.55 -> 4160.6944
B25: iva | C25: =C24*19/100 -> 712704.06 | E25: =C25/901.55 -> 790.53193
B26: total | C26: =SUM(C24:C25) -> 4463778.1 | E26: =C26/901.55 -> 4951.2263 | F26: =E26-4884 -> 67.226288
C29: factura 736 | D29: Proforma | E29: 18
