Workbook

Sheet DICIEMBRE2025
C1: RENDICION CAJA CHICA
C2: TALCA
G3: MES | H3: DICIEMBRE
B4: SALDO ANTERIOR | E4: 20497
B5: DEPÓSITO RENDICION ANTERIOR | E5: 83497
B6: MONTO ADICIONAL | E6: 0
B7: MONTO A RENDIR | E7: =SUM(E4:E6) -> 103994
B8: RENDIDO | E8: =+G26 -> 94510 | G8: SALDO AL CIERRE | H8: =E7-E8 -> 9484
A10: N° | B10: Fecha | C10: Tipo Documento (boleta venta-boleta honorarios-factura) | D10: N° documento | E10: RUT Titular del documento | F10: Detalle | G10: Total | H10: Código Imputacion (RSM) 185
A11: 1 | B11: 45630 | D11: 135032 | F11: paqueteria | G11: 4200
A12: 2 | B12: 45996 | D12: 1270512487 | F12: desayuno equipo | G12: 4040
A13: 3 | B13: 45990 | D13: 774191 | F13: desayuno paltas | G13: 3400
A14: 4 | B14: 45987 | D14: 304155 | F14: reunion | G14: 6000
A15: 5 | B15: 45993 | D15: 9874 | F15: cinta | G15: 2500
A16: 6 | B16: 46008 | D16: 1947152 | F16: cinta de regalo | G16: 1380
A17: 7 | B17: 45995 | D17: 6181 | F17: agua de bidon | G17: 6000
A18: 8 | B18: 46010 | D18: 1947581 | F18: scotch | G18: 1350
A19: 9 | B19: 46003 | D19: 11840 | F19: toalla papel | G19: 2200
A20: 10 | B20: 46004 | D20: 777606 | F20: toallas de limpieza humedas | G20: 3300
A21: 11 | B21: 45642 | D21: 14066917 | F21: caja organizadora | G21: 2490
A22: 12 | B22: 45646 | D22: 1246786929 | F22: agua + dulces | G22: 3770
... A25: 15 | B25: 46021 | D25: 6212 | F25: AGUA | G25: 6000
B26: TOTALES | G26: =SUM(G11:G25) -> 94510

Sheet ENE2026
C1: RENDICION CAJA CHICA
C2: TALCA
G3: MES | H3: ENERO
B4: SALDO ANTERIOR | E4: =+DICIEMBRE2025!H8 -> 9484
B5: DEPÓSITO RENDICION ANTERIOR | E5: 94510
B6: MONTO ADICIONAL | E6: 0
B7: MONTO A RENDIR | E7: =SUM(E4:E6) -> 103994
B8: RENDIDO | E8: =+G26 -> 90688 | G8: SALDO AL CIERRE | H8: =E7-E8 -> 13306
A10: N° | B10: Fecha | C10: Tipo Documento (boleta venta-boleta honorarios-factura) | D10: N° documento | E10: RUT Titular del documento | F10: Detalle | G10: Total | H10: Código Imputacion (RSM) 185
A11: 1 | B11: 46028 | C11: boleta | D11: 813566322 | F11: pilas | G11: 3960
A12: 2 | B12: 46027 | C12: boleto venta | D12: 18717330131 | F12: pasaje a Santiago (reunión) | G12: 10000
A13: 3 | B13: 46029 | C13: comprobante | D13: S/N | F13: uber terminal Talca | G13: 4793
A14: 4 | B14: 46029 | C14: comprobante | D14: S/N | F14: uber hacia renunion Stgo | G14: 6314
A15: 5 | B15: 46029 | C15: boleta | D15: 597034144697 | F15: metro de Santiago | G15: 2000
A16: 6 | B16: 46033 | C16: boleto venta | D16: 00NX7WTB | F16: pasaje a Talca (devuelta) | G16: 8500
A17: 7 | B17: 46033 | C17: comprobante | D17: S/N | F17: uber desde terminal | G17: 2748
A18: 8 | B18: 46040 | C18: boleta | D18: 1957655 | F18: cinta embalaje | G18: 2680
A19: 9 | B19: 46046 | C19: boleta | D19: 129925 | F19: cafes desayuno equipo | G19: 4000
A20: 10 | B20: 46046 | C20: boleta | D20: 56716 | F20: comida desayuno equipo | G20: 5000
A21: 11 | B21: 46048 | C21: boleta | D21: 6252 | F21: agua purificada | G21: 6000
A22: 12 | B22: 46049 | C22: boleta honorario | D22: 59 | F22: Limpieza Vitrina | G22: 34693
A23: 13
A24: 14
A25: 15
B26: TOTALES | G26: =SUM(G11:G25) -> 90688

Sheet FEB2026
C1: RENDICION CAJA CHICA
C2: TALCA
G3: MES | H3: FEBRERO
B4: SALDO ANTERIOR | E4: =+'ENE2026'!H8 -> 13306
B5: DEPÓSITO RENDICION ANTERIOR | E5: 90688
B6: MONTO ADICIONAL | E6: 0
B7: MONTO A RENDIR | E7: =SUM(E4:E6) -> 103994
B8: RENDIDO | E8: =+G26 -> 106137 | G8: SALDO AL CIERRE | H8: =E7-E8 -> -2143
A10: N° | B10: Fecha | C10: Tipo Documento (boleta venta-boleta honorarios-factura) | D10: N° documento | E10: RUT Titular del documento | F10: Detalle | G10: Total | H10: Código Imputacion (RSM) 185
A11: 1 | B11: 46267 | C11: BOLETA | F11: desayuno | G11: 6000
A12: 2 | B12: 46267 | C12: boleta | F12: desayuno | G12: 4840
A13: 3 | B13: 46267 | C13: boleta | F13: desayuno | G13: 4900
A14: 4 | B14: 46114 | C14: boleta | F14: cinta de embalaje | G14: 3780
A15: 5 | B15: 46114 | C15: boleta | F15: cinta de embalaje | G15: 1190
A16: 6 | B16: 46236 | C16: boleta | F16: pegamento chinos | G16: 2700
A17: 7 | B17: 46358 | C17: boleta | F17: miniso , libreta + marcador | G17: 4827
A18: 8 | B18: 2/21/26 | C18: boleta | F18: agua | G18: 5400
A19: 9 | B19: 46358 | C19: boleta | F19: cajas plasticas | G19: 2500
A20: 10 | B20: 2/21/26 | C20: boleta | F20: limpieza vitrina | G20: 35000
A21: 11 | B21: 2/23/26 | C21: boleta | F21: arreglo computador | G21: 35000
A22: 12
A23: 13
A24: 14
A25: 15
B26: TOTALES | G26: =SUM(G11:G25) -> 106137

Sheet MAR2026 
C1: RENDICION CAJA CHICA
C2: TALCA
G3: MES | H3: MARZO
B4: SALDO ANTERIOR | E4: =+'FEB2026'!H8 -> -2143
B5: DEPÓSITO RENDICION ANTERIOR
B6: MONTO ADICIONAL | E6: 0
B7: MONTO A RENDIR | E7: =SUM(E4:E6) -> -2143
B8: RENDIDO | E8: =+G26 -> 0 | G8: SALDO AL CIERRE | H8: =E7-E8 -> -2143
A10: N° | B10: Fecha | C10: Tipo Documento (boleta venta-boleta honorarios-factura) | D10: N° documento | E10: RUT Titular del documento | F10: Detalle | G10: Total | H10: Código Imputacion (RSM) 185
A11: 1
A12: 2
A13: 3
A14: 4
A15: 5
A16: 6
A17: 7
A18: 8
A19: 9
A20: 10
A21: 11
A22: 12
... A25: 15
B26: TOTALES | G26: =SUM(G11:G25) -> 0

Sheet ABR2026
C1: RENDICION CAJA CHICA
C2: TALCA
G3: MES | H3: ABRIL
B4: SALDO ANTERIOR | E4: =+'MAR2026 '!H8 -> -2143
B5: DEPÓSITO RENDICION ANTERIOR
B6: MONTO ADICIONAL | E6: 0
B7: MONTO A RENDIR | E7: =SUM(E4:E6) -> -2143
B8: RENDIDO | E8: =+G26 -> 0 | G8: SALDO AL CIERRE | H8: =E7-E8 -> -2143
A10: N° | B10: Fecha | C10: Tipo Documento (boleta venta-boleta honorarios-factura) | D10: N° documento | E10: RUT Titular del documento | F10: Detalle | G10: Total | H10: Código Imputacion (RSM) 185
A11: 1
A12: 2
A13: 3
A14: 4
A15: 5
A16: 6
A17: 7
A18: 8
A19: 9
A20: 10
A21: 11
A22: 12
... A25: 15
B26: TOTALES | G26: =SUM(G11:G25) -> 0

Sheet MAY2026
C1: RENDICION CAJA CHICA
C2: TALCA
G3: MES | H3: MAYO
B4: SALDO ANTERIOR | E4: =+'ABR2026'!H8 -> -2143
B5: DEPÓSITO RENDICION ANTERIOR
B6: MONTO ADICIONAL | E6: 0
B7: MONTO A RENDIR | E7: =SUM(E4:E6) -> -2143
B8: RENDIDO | E8: =+G26 -> 0 | G8: SALDO AL CIERRE | H8: =E7-E8 -> -2143
A10: N° | B10: Fecha | C10: Tipo Documento (boleta venta-boleta honorarios-factura) | D10: N° documento | E10: RUT Titular del documento | F10: Detalle | G10: Total | H10: Código Imputacion (RSM) 185
A11: 1
A12: 2
A13: 3
A14: 4
A15: 5
A16: 6
A17: 7
A18: 8
A19: 9
A20: 10
A21: 11
A22: 12
... A25: 15
B26: TOTALES | G26: =SUM(G11:G25) -> 0

Sheet JUN2026
C1: RENDICION CAJA CHICA
C2: TALCA
G3: MES | H3: JUNIO
B4: SALDO ANTERIOR | E4: =+'MAY2026'!H8 -> -2143
B5: DEPÓSITO RENDICION ANTERIOR
B6: MONTO ADICIONAL | E6: 0
B7: MONTO A RENDIR | E7: =SUM(E4:E6) -> -2143
B8: RENDIDO | E8: =+G26 -> 0 | G8: SALDO AL CIERRE | H8: =E7-E8 -> -2143
A10: N° | B10: Fecha | C10: Tipo Documento (boleta venta-boleta honorarios-factura) | D10: N° documento | E10: RUT Titular del documento | F10: Detalle | G10: Total | H10: Código Imputacion (RSM) 185
A11: 1
A12: 2
A13: 3
A14: 4
A15: 5
A16: 6
A17: 7
A18: 8
A19: 9
A20: 10
A21: 11
A22: 12
... A25: 15
B26: TOTALES | G26: =SUM(G11:G25) -> 0
