Workbook

Sheet JULIO 
C1: RENDICION CAJA CHICA
C2: BARROS ARANA
G3: MES | H3: JULIO
B4: SALDO ANTERIOR | E4: 57020
B5: DEPÓSITO RENDICION ANTERIOR | E5: 36980
B6: MONTO ADICIONAL | E6: 0
B7: MONTO A RENDIR | E7: =SUM(E4:E6) -> 94000
B8: RENDIDO | E8: =+G26 -> 54149 | G8: SALDO AL CIERRE | H8: =E7-E8 -> 39851
A10: N° | B10: Fecha | C10: Tipo Documento (boleta venta-boleta honorarios-factura) | D10: N° documento | E10: RUT Titular del documento | F10: Detalle | G10: Total | H10: Código Imputacion (RSM) 185
A11: 1 | B11: 45450 | C11: - | D11: 3524 | E11: - | F11: Recarga agua | G11: 6000
A12: 2 | B12: 45483 | C12: - | D12: - | E12: - | F12: Uber traslado domicilio - Aeropuerto para reunion Santiago | G12: 9792
A13: 3 | B13: 45483 | C13: - | D13: - | E13: - | F13: Uber traslado aeropuerto a Bodega Central (Reunion Santiago) | G13: 9433
A14: 4 | B14: 45483 | C14: - | D14: - | E14: - | F14: Uber traslado Bodega Central - Aeropuerto | G14: 9567
A15: 5 | B15: 45483 | C15: - | D15: - | E15: - | F15: Uber traslado Aeropuerto - domicilio (retorno de reunion Santiago) | G15: 4357
A16: 6 | B16: 45502 | C16: Boleta Honorarios | D16: 3726 | E16: 89920582 | F16: Señor vidrios | G16: 15000
A17: 7
A18: 8
A19: 9
A20: 10
A21: 11
A22: 12
A23: 13
A24: 14
A25: 15
B26: TOTALES | G26: =SUM(G11:G25) -> 54149

Sheet AGOSTO
C1: RENDICION CAJA CHICA
C2: BARROS ARANA
G3: MES | H3: AGOSTO
B4: SALDO ANTERIOR | E4: =+'JULIO '!H8 -> 39851
B5: DEPÓSITO RENDICION ANTERIOR | E5: 54149
B6: MONTO ADICIONAL | E6: 0
B7: MONTO A RENDIR | E7: =SUM(E4:E5) -> 94000
B8: RENDIDO | E8: =+G26 -> 21000 | G8: SALDO AL CIERRE | H8: =E7-E8 -> 73000
A10: N° | B10: Fecha | C10: Tipo Documento (boleta venta-boleta honorarios-factura) | D10: N° documento | E10: RUT Titular del documento | F10: Detalle | G10: Total | H10: Código Imputacion (RSM) 185
A11: 1 | B11: 45451 | D11: 459865 | F11: Recarga agua | G11: 6000
A12: 2 | B12: 29/8/2024 | C12: Boleta Honorarios | D12: 3844 | E12: 89920582 | F12: Señor vidrios | G12: 15000
A13: 3
A14: 4
A15: 5
A16: 6
A17: 7
A18: 8
A19: 9
A20: 10
A21: 11
A22: 12
A23: 13
A24: 14
A25: 15
B26: TOTALES | G26: =SUM(G11:G25) -> 21000

Sheet SEPTIEMBRE
C1: RENDICION CAJA CHICA
C2: BARROS ARANA
G3: MES | H3: SEPTIEMBRE
B4: SALDO ANTERIOR | E4: =+AGOSTO!H8 -> 73000
B5: DEPÓSITO RENDICION ANTERIOR | E5: 21000
B6: MONTO ADICIONAL | E6: 0
B7: MONTO A RENDIR | E7: =SUM(E4:E6) -> 94000
B8: RENDIDO | E8: =+G26 -> 34660 | G8: SALDO AL CIERRE | H8: =E7-E8 -> 59340
A10: N° | B10: Fecha | C10: Tipo Documento (boleta venta-boleta honorarios-factura) | D10: N° documento | E10: RUT Titular del documento | F10: Detalle | G10: Total | H10: Código Imputacion (RSM) 185
A11: 1 | B11: 45605 | D11: 003747 | F11: Recarga agua | G11: 6000
A12: 2 | B12: 45635 | D12: 52444485 | F12: Cinta de embalaje | G12: 3980
A13: 3 | B13: 13/9/2024 | D13: 32665 | F13: Cinta de embalaje | G13: 6990
A14: 4 | B14: 30/9/2024 | D14: 32879 | F14: Cinta de embalaje | G14: 2690
A15: 5 | B15: 30/9/2024 | C15: Boleta Honorarios | D15: 3929 | E15: 89920582 | F15: Señor vidrios | G15: 15000
A16: 6
A17: 7
A18: 8
A19: 9
A20: 10
A21: 11
A22: 12
A23: 13
A24: 14
A25: 15
B26: TOTALES | G26: =SUM(G11:G25) -> 34660

Sheet OCTUBRE
C1: RENDICION CAJA CHICA
C2: BARROS ARANA
G3: MES | H3: OCTUBRE
B4: SALDO ANTERIOR | E4: =+SEPTIEMBRE!H8 -> 59340
B5: DEPÓSITO RENDICION ANTERIOR | E5: 34660
B6: MONTO ADICIONAL | E6: 0
B7: MONTO A RENDIR | E7: =SUM(E4:E6) -> 94000
B8: RENDIDO | E8: =+G26 -> 40755 | G8: SALDO AL CIERRE | H8: =E7-E8 -> 53245
A10: N° | B10: Fecha | C10: Tipo Documento (boleta venta-boleta honorarios-factura) | D10: N° documento | E10: RUT Titular del documento | F10: Detalle | G10: Total | H10: Código Imputacion (RSM) 185
A11: 1 | B11: 45636 | D11: 003819 | F11: Recarga agua | G11: 6000
A12: 2 | B12: 18/10/2024 | C12: Factura | D12: 731 | E12: 77199963-8 | F12: Mantenimiento anual de extintores | G12: 16065
A13: 3 | B13: 24/10/2024 | D13: 52447235 | F13: Papel para impresora | G13: 3690
A14: 4 | B14: 29/10/2024 | C14: Boleta Honorarios | D14: 4058 | E14: 89920582 | F14: Señor vidrios | G14: 15000
A15: 5
A16: 6
A17: 7
A18: 8
A19: 9
A20: 10
A21: 11
A22: 12
A23: 13
A24: 14
A25: 15
B26: TOTALES | G26: =SUM(G11:G25) -> 40755

Sheet NOVIEMBRE
C1: RENDICION CAJA CHICA
C2: BARROS ARANA
G3: MES | H3: NOVIEMBRE
B4: SALDO ANTERIOR | E4: =+OCTUBRE!H8 -> 53245
B5: DEPÓSITO RENDICION ANTERIOR | E5: 40755
B6: MONTO ADICIONAL | E6: 0
B7: MONTO A RENDIR | E7: =SUM(E4:E6) -> 94000
B8: RENDIDO | E8: =+G26 -> 87372 | G8: SALDO AL CIERRE | H8: =E7-E8 -> 6628
A10: N° | B10: Fecha | C10: Tipo Documento (boleta venta-boleta honorarios-factura) | D10: N° documento | E10: RUT Titular del documento | F10: Detalle | G10: Total | H10: Código Imputacion (RSM) 185
A11: 1 | B11: 45393 | D11: 2283 | F11: Recarga de agua | G11: 6000
A12: 2 | B12: 45546 | D12: 2160249134194069 | F12: Boleto de viaje Reunion de equipo Santiago | G12: 66372
A13: 3 | B13: 29/11/2024 | C13: Boleta Honorarios | D13: 4137 | E13: 89920582 | F13: Señor Vidrios | G13: 15000
A14: 4
A15: 5
A16: 6
A17: 7
A18: 8
A19: 9
A20: 10
A21: 11
A22: 12
A23: 13
A24: 14
A25: 15
B26: TOTALES | G26: =SUM(G11:G25) -> 87372

Sheet DICIEMBRE
C1: RENDICION CAJA CHICA
C2: BARROS ARANA
G3: MES | H3: DICIEMBRE
B4: SALDO ANTERIOR | E4: =+NOVIEMBRE!H8 -> 6628
B5: DEPÓSITO RENDICION ANTERIOR | E5: 87372
B6: MONTO ADICIONAL | E6: 0
B7: MONTO A RENDIR | E7: =SUM(E4:E6) -> 94000
B8: RENDIDO | E8: =+G26 -> 28933 | G8: SALDO AL CIERRE | H8: =E7-E8 -> 65067
A10: N° | B10: Fecha | C10: Tipo Documento (boleta venta-boleta honorarios-factura) | D10: N° documento | E10: RUT Titular del documento | F10: Detalle | G10: Total | H10: Código Imputacion (RSM) 185
A11: 1 | B11: 45577 | D11: 004040 | F11: Recarga de agua | G11: 6000
A12: 2 | B12: 21/12/2024 | D12: 53378264 | F12: Cinta embalaje | G12: 3980
A13: 3 | B13: 23/12/2024 | D13: 2949874750 | F13: Bolsas Basura | G13: 1853
A14: 4 | B14: 26/12/2024 | C14: Boleta Honorarios | D14: 4229 | E14: 89920582 | F14: Señor Vidrios | G14: 15000
A15: 5 | B15: 27/12/2024 | D15: 334986 | F15: Cinta embalaje | G15: 2100
A16: 6
A17: 7
A18: 8
A19: 9
A20: 10
A21: 11
A22: 12
A23: 13
A24: 14
A25: 15
B26: TOTALES | G26: =SUM(G11:G25) -> 28933

Sheet ENERO2025
C1: RENDICION CAJA CHICA
C2: BARROS ARANA
G3: MES | H3: ENERO
B4: SALDO ANTERIOR | E4: =+DICIEMBRE!H8 -> 65067
B5: DEPÓSITO RENDICION ANTERIOR | E5: 28933
B6: MONTO ADICIONAL | E6: 0
B7: MONTO A RENDIR | E7: =SUM(E4:E6) -> 94000
B8: RENDIDO | E8: =+G26 -> 36990 | G8: SALDO AL CIERRE | H8: =E7-E8 -> 57010
A10: N° | B10: Fecha | C10: Tipo Documento (boleta venta-boleta honorarios-factura) | D10: N° documento | E10: RUT Titular del documento | F10: Detalle | G10: Total | H10: Código Imputacion (RSM) 185
A11: 1 | B11: 14/01/2025 | D11: 003839 | F11: Recarga de agua | G11: 6000
A12: 2 | B12: 22/01/2025 | D12: 2977540302 | F12: Torta de cumpleaños Kimberly, compartir de equipo | G12: 15990
A13: 3 | B13: 29/01/2025 | C13: Boleta Honorarios | D13: 4324 | E13: 89920582 | F13: Señor Vidrios | G13: 15000
A14: 4
A15: 5
A16: 6
A17: 7
A18: 8
A19: 9
A20: 10
A21: 11
A22: 12
A23: 13
A24: 14
A25: 15
B26: TOTALES | G26: =SUM(G11:G25) -> 36990

Sheet FEBRERO2025
C1: RENDICION CAJA CHICA
C2: BARROS ARANA
G3: MES | H3: FEBRERO
B4: SALDO ANTERIOR | E4: =+ENERO2025!H8 -> 57010
B5: DEPÓSITO RENDICION ANTERIOR | E5: 36990
B6: MONTO ADICIONAL | E6: 0
B7: MONTO A RENDIR | E7: =SUM(E4:E6) -> 94000
B8: RENDIDO | E8: =+G26 -> 44580 | G8: SALDO AL CIERRE | H8: =E7-E8 -> 49420
A10: N° | B10: Fecha | C10: Tipo Documento (boleta venta-boleta honorarios-factura) | D10: N° documento | E10: RUT Titular del documento | F10: Detalle | G10: Total | H10: Código Imputacion (RSM) 185
A11: 1 | B11: 45691 | D11: 2991470053 | F11: Limpia Vidrio | G11: 3590
A12: 2 | B12: 45691 | D12: 2992912684 | F12: Torta de cumpleaños Brandon, compartir de equipo | G12: 19990
A13: 3 | B13: 45695 | D13: 3926 | F13: Recarga de agua | G13: 6000
A14: 4 | B14: 45715 | C14: Boleta Honorarios | D14: 4422 | E14: 89920582 | F14: Señor Vidrios | G14: 15000
A15: 5
A16: 6
A17: 7
A18: 8
A19: 9
A20: 10
A21: 11
A22: 12
A23: 13
A24: 14
A25: 15
B26: TOTALES | G26: =SUM(G11:G25) -> 44580

Sheet MARZO2025
C1: RENDICION CAJA CHICA
C2: BARROS ARANA
G3: MES | H3: MARZO
B4: SALDO ANTERIOR | E4: =+FEBRERO2025!H8 -> 49420
B5: DEPÓSITO RENDICION ANTERIOR | E5: 44580
B6: MONTO ADICIONAL | E6: 0
B7: MONTO A RENDIR | E7: =SUM(E4:E6) -> 94000
B8: RENDIDO | E8: =+G26 -> 133941 | G8: SALDO AL CIERRE | H8: =E7-E8 -> -39941
A10: N° | B10: Fecha | C10: Tipo Documento (boleta venta-boleta honorarios-factura) | D10: N° documento | E10: RUT Titular del documento | F10: Detalle | G10: Total | H10: Código Imputacion (RSM) 185
A11: 1 | B11: 45811 | D11: 3934 | F11: Recarga de agua | G11: 6000
A12: 2 | B12: 45872 | D12: 295044 | F12: Torta compartir de equipo dia de la mujer | G12: 21500
A13: 3 | B13: 17-032025 | D13: 6052104663576 | F13: Boleto Retorno reunion Santiago | G13: 33537
A14: 4 | B14: 25-03-2025 | D14: 2900 | F14: Cable adapta pro para pantalla exterior | G14: 9990
A15: 5 | B15: 27-03-2025 | F15: Uber dia de reunion casa - aeropuerto | G15: 7764
A16: 6 | B16: 27-03-2025 | F16: Uber dia de reunion aeropuerto - bodega | G16: 10397
A17: 7 | B17: 27-03-2025 | F17: Uber dia de reunion Bodega - Aeropuerto | G17: 8823
A18: 8 | B18: 27-03-2025 | F18: Uber dia de reunion Aeropuerto - casa | G18: 4500
A19: 9 | B19: 28-032025 | D19: 597052168921 | F19: Cable HDMI de pantalla exterior | G19: 6990
A20: 10 | B20: 28-03-2025 | C20: Boleta Honorarios | D20: 4554 | E20: 89920582 | F20: Señor Vidrios | G20: 15000
A21: 11 | B21: 30-03-2025 | D21: 3032680432 | F21: Cinta de embalaje | G21: 5240
A22: 12 | D22: 359155 | F22: Cinta de embalaje | G22: 4200
A23: 13
A24: 14
A25: 15
B26: TOTALES | G26: =SUM(G11:G25) -> 133941

Sheet ABRIL2025
C1: RENDICION CAJA CHICA
C2: BARROS ARANA
G3: MES | H3: ABRIL
B4: SALDO ANTERIOR | E4: =+MARZO2025!H8 -> -39941
B5: DEPÓSITO RENDICION ANTERIOR | E5: 133941
B6: MONTO ADICIONAL | E6: 0
B7: MONTO A RENDIR | E7: =SUM(E4:E6) -> 94000
B8: RENDIDO | E8: =+G26 -> 41980 | G8: SALDO AL CIERRE | H8: =E7-E8 -> 52020
A10: N° | B10: Fecha | C10: Tipo Documento (boleta venta-boleta honorarios-factura) | D10: N° documento | E10: RUT Titular del documento | F10: Detalle | G10: Total | H10: Código Imputacion (RSM) 185
A11: 1 | B11: 45692 | D11: 4170 | F11: Recarga de agua | G11: 6000
A12: 2 | B12: 14/4/2025 | D12: 504140057 | F12: Carro para entregar pedidos web | G12: 5900
A13: 3 | B13: 21/4/2025 | D13: 54726728 | F13: Hojas de papel | G13: 5990
A14: 4 | B14: 21/4/2025 | D14: 83905390 | F14: Reunion de equipo | G14: 9090
A15: 5 | B15: 30/4/2025 | D15: 4638 | E15: 89920582 | F15: Señor Vidrios | G15: 15000
A16: 6
A17: 7
A18: 8
A19: 9
A20: 10
A21: 11
A22: 12
A23: 13
A24: 14
A25: 15
B26: TOTALES | G26: =SUM(G11:G25) -> 41980

Sheet MAYO2025
C1: RENDICION CAJA CHICA
C2: BARROS ARANA
G3: MES | H3: MAYO
B4: SALDO ANTERIOR | E4: =+ABRIL2025!H8 -> 52020
B5: DEPÓSITO RENDICION ANTERIOR | E5: 41980
B6: MONTO ADICIONAL | E6: 0
B7: MONTO A RENDIR | E7: =SUM(E4:E6) -> 94000
B8: RENDIDO | E8: =+G26 -> 31990 | G8: SALDO AL CIERRE | H8: =E7-E8 -> 62010
A10: N° | B10: Fecha | C10: Tipo Documento (boleta venta-boleta honorarios-factura) | D10: N° documento | E10: RUT Titular del documento | F10: Detalle | G10: Total | H10: Código Imputacion (RSM) 185
A11: 1 | B11: 45789 | D11: 3076887205 | F11: Compartir cumpleaños de Darling | G11: 16990
A12: 2 | B12: 30/5/2025 | D12: 4722 | E12: 89920582 | F12: Señor Vidrios | G12: 15000
A13: 3
A14: 4
A15: 5
A16: 6
A17: 7
A18: 8
A19: 9
A20: 10
A21: 11
A22: 12
A23: 13
A24: 14
A25: 15
B26: TOTALES | G26: =SUM(G11:G25) -> 31990

Sheet JUNIO2025
C1: RENDICION CAJA CHICA
C2: BARROS ARANA
G3: MES | H3: JUNIO
B4: SALDO ANTERIOR | E4: =+MAYO2025!H8 -> 62010
B5: DEPÓSITO RENDICION ANTERIOR | E5: 31990
B6: MONTO ADICIONAL | E6: 0
B7: MONTO A RENDIR | E7: =SUM(E4:E6) -> 94000
B8: RENDIDO | E8: =+G26 -> 21000 | G8: SALDO AL CIERRE | H8: =E7-E8 -> 73000
A10: N° | B10: Fecha | C10: Tipo Documento (boleta venta-boleta honorarios-factura) | D10: N° documento | E10: RUT Titular del documento | F10: Detalle | G10: Total | H10: Código Imputacion (RSM) 185
A11: 1 | B11: 17/06/2025 | D11: 69795 | E11: 76776927-K | F11: Recarga de agua | G11: 6000
A12: 2 | B12: 30/06/2025 | D12: 4842 | E12: 89920582 | F12: Señor Vidrios | G12: 15000
A13: 3
A14: 4
A15: 5
A16: 6
A17: 7
A18: 8
A19: 9
A20: 10
A21: 11
A22: 12
A23: 13
A24: 14
A25: 15
B26: TOTALES | G26: =SUM(G11:G25) -> 21000

Sheet JULIO2025
C1: RENDICION CAJA CHICA
C2: BARROS ARANA
G3: MES | H3: JULIO
B4: SALDO ANTERIOR | E4: =+JUNIO2025!H8 -> 73000
B5: DEPÓSITO RENDICION ANTERIOR | E5: 21000
B6: MONTO ADICIONAL | E6: 0
B7: MONTO A RENDIR | E7: =SUM(E4:E6) -> 94000
B8: RENDIDO | E8: =+G26 -> 12000 | G8: SALDO AL CIERRE | H8: =E7-E8 -> 82000
A10: N° | B10: Fecha | C10: Tipo Documento (boleta venta-boleta honorarios-factura) | D10: N° documento | E10: RUT Titular del documento | F10: Detalle | G10: Total | H10: Código Imputacion (RSM) 185
A11: 1 | B11: 45784 | D11: 12588 | E11: 76776927-K | F11: Recarga de agua | G11: 6000
A12: 2 | B12: 24/7/2025 | D12: 12773 | E12: 76776927-K | F12: Recarga de agua | G12: 6000
A13: 3
A14: 4
A15: 5
A16: 6
A17: 7
A18: 8
A19: 9
A20: 10
A21: 11
A22: 12
A23: 13
A24: 14
A25: 15
B26: TOTALES | G26: =SUM(G11:G25) -> 12000

Sheet AGOSTO2025
C1: RENDICION CAJA CHICA
C2: BARROS ARANA
G3: MES | H3: AGOSTO
B4: SALDO ANTERIOR | E4: =+JULIO2025!H8 -> 82000
B5: DEPÓSITO RENDICION ANTERIOR | E5: 12000
B6: MONTO ADICIONAL | E6: 0
B7: MONTO A RENDIR | E7: =SUM(E4:E6) -> 94000
B8: RENDIDO | E8: =+G26 -> 103980 | G8: SALDO AL CIERRE | H8: =E7-E8 -> -9980
A10: N° | B10: Fecha | C10: Tipo Documento (boleta venta-boleta honorarios-factura) | D10: N° documento | E10: RUT Titular del documento | F10: Detalle | G10: Total | H10: Código Imputacion (RSM) 185
A11: 1 | B11: 29/07/2025 | D11: 4894 | E11: 89920582 | F11: Señor Vidrios | G11: 15000
A12: 2 | B12: 31/07/2025 | D12: 11016 | E12: 779491978 | F12: Corona de flores Velatorio Mama de Rodrigo Soto | G12: 82980
A13: 3 | B13: 19/07/2025 | D13: 13094 | E13: 76776927-K | F13: Recarga de agua | G13: 6000
A14: 4
A15: 5
A16: 6
A17: 7
A18: 8
A19: 9
A20: 10
A21: 11
A22: 12
A23: 13
A24: 14
A25: 15
B26: TOTALES | G26: =SUM(G11:G25) -> 103980

Sheet SEPTIEMBRE2025
C1: RENDICION CAJA CHICA
C2: BARROS ARANA
G3: MES | H3: SEPTIEMBRE
B4: SALDO ANTERIOR | E4: =+AGOSTO2025!H8 -> -9980
B5: DEPÓSITO RENDICION ANTERIOR | E5: 103980
B6: MONTO ADICIONAL | E6: 0
B7: MONTO A RENDIR | E7: =SUM(E4:E6) -> 94000
B8: RENDIDO | E8: =+G26 -> 38580 | G8: SALDO AL CIERRE | H8: =E7-E8 -> 55420
A10: N° | B10: Fecha | C10: Tipo Documento (boleta venta-boleta honorarios-factura) | D10: N° documento | E10: RUT Titular del documento | F10: Detalle | G10: Total | H10: Código Imputacion (RSM) 185
A11: 1 | B11: 26/08/2025 | D11: 4987 | E11: 89920582 | F11: Señor Vidrios | G11: 15000
A12: 2 | B12: 46000 | D12: 13094 | E12: 76776927-K | F12: Recarga de agua | G12: 6000
A13: 3 | B13: 15/09/2025 | D13: 397927 | E13: 767978308 | F13: Cinta de embalaje | G13: 1980
A14: 4 | B14: 17/09/2025 | D14: 114976 | E14: 765203600 | F14: Compartir fiestas patrias | G14: 15600
A15: 5
A16: 6
A17: 7
A18: 8
A19: 9
A20: 10
A21: 11
A22: 12
A23: 13
A24: 14
A25: 15
B26: TOTALES | G26: =SUM(G11:G25) -> 38580

Sheet OCTUBRE2025
C1: RENDICION CAJA CHICA
C2: BARROS ARANA
G3: MES | H3: OCTUBRE
B4: SALDO ANTERIOR | E4: =+SEPTIEMBRE2025!H8 -> 55420
B5: DEPÓSITO RENDICION ANTERIOR | E5: 48560
B6: MONTO ADICIONAL | E6: 0
B7: MONTO A RENDIR | E7: =SUM(E4:E6) -> 103980
B8: RENDIDO | E8: =+G26 -> 49412 | G8: SALDO AL CIERRE | H8: =E7-E8 -> 54568
A10: N° | B10: Fecha | C10: Tipo Documento (boleta venta-boleta honorarios-factura) | D10: N° documento | E10: RUT Titular del documento | F10: Detalle | G10: Total | H10: Código Imputacion (RSM) 185
A11: 1 | B11: 29/09/2025 | D11: 5111 | E11: 89920582 | F11: Señor Vidrios | G11: 15000
A12: 2 | B12: 45698 | D12: 56203761 | E12: 80478200-1 | F12: Botella de tinta para impresora | G12: 11990
A13: 3 | B13: 45848 | D13: 13735 | E13: 76776927-K | F13: Recarga de agua | G13: 6000
A14: 4 | B14: 22/10/2025 | D14: 909 | E14: 77199963-8 | F14: Mantencion Anual de extintores | G14: 16422
A15: 5
A16: 6
A17: 7
A18: 8
A19: 9
A20: 10
A21: 11
A22: 12
A23: 13
A24: 14
A25: 15
B26: TOTALES | G26: =SUM(G11:G25) -> 49412

Sheet NOVIEMBRE2025
C1: RENDICION CAJA CHICA
C2: BARROS ARANA
G3: MES | H3: NOVIEMBRE
B4: SALDO ANTERIOR | E4: =+OCTUBRE2025!H8 -> 54568
B5: DEPÓSITO RENDICION ANTERIOR | E5: 49412
B6: MONTO ADICIONAL | E6: 0
B7: MONTO A RENDIR | E7: =SUM(E4:E6) -> 103980
B8: RENDIDO | E8: =+G26 -> 21000 | G8: SALDO AL CIERRE | H8: =E7-E8 -> 82980
A10: N° | B10: Fecha | C10: Tipo Documento (boleta venta-boleta honorarios-factura) | D10: N° documento | E10: RUT Titular del documento | F10: Detalle | G10: Total | H10: Código Imputacion (RSM) 185
A11: 1 | B11: 29/10/2025 | D11: 5201 | E11: 89920582 | F11: Señor Vidrios | G11: 15000
A12: 2 | B12: 45727 | D12: 14116 | E12: 76776927-K | F12: Recarga de agua | G12: 6000
A13: 3
A14: 4
A15: 5
A16: 6
A17: 7
A18: 8
A19: 9
A20: 10
A21: 11
A22: 12
A23: 13
A24: 14
A25: 15
B26: TOTALES | G26: =SUM(G11:G25) -> 21000

Sheet DICIEMBRE2025
C1: RENDICION CAJA CHICA
C2: BARROS ARANA
G3: MES | H3: DICIEMBRE
B4: SALDO ANTERIOR | E4: =+NOVIEMBRE2025!H8 -> 82980
B5: DEPÓSITO RENDICION ANTERIOR | E5: 21000
B6: MONTO ADICIONAL | E6: 0
B7: MONTO A RENDIR | E7: =SUM(E4:E6) -> 103980
B8: RENDIDO | E8: =+G26 -> 29400 | G8: SALDO AL CIERRE | H8: =E7-E8 -> 74580
A10: N° | B10: Fecha | C10: Tipo Documento (boleta venta-boleta honorarios-factura) | D10: N° documento | E10: RUT Titular del documento | F10: Detalle | G10: Total | H10: Código Imputacion (RSM) 185
A11: 1 | B11: 28/11/2025 | D11: 5334 | E11: 89920582 | F11: Señor Vidrios | G11: 15000
A12: 2 | B12: 45973 | D12: 004598 | E12: 76776927-K | F12: Recarga de agua | G12: 6000
A13: 3 | B13: 20/12/2025 | D13: 18390 | E13: 77353643-0 | F13: Cintas para bolsas de regalo | G13: 8400
A14: 4
A15: 5
A16: 6
A17: 7
A18: 8
A19: 9
A20: 10
A21: 11
A22: 12
A23: 13
A24: 14
A25: 15
B26: TOTALES | G26: =SUM(G11:G25) -> 29400

Sheet ENE2026
C1: RENDICION CAJA CHICA
C2: BARROS ARANA
G3: MES | H3: ENERO
B4: SALDO ANTERIOR | E4: =+DICIEMBRE2025!H8 -> 74580
B5: DEPÓSITO RENDICION ANTERIOR | E5: 29400
B6: MONTO ADICIONAL | E6: 0
B7: MONTO A RENDIR | E7: =SUM(E4:E6) -> 103980
B8: RENDIDO | E8: =+G26 -> 46490 | G8: SALDO AL CIERRE | H8: =E7-E8 -> 57490
A10: N° | B10: Fecha | C10: Tipo Documento (boleta venta-boleta honorarios-factura) | D10: N° documento | E10: RUT Titular del documento | F10: Detalle | G10: Total | H10: Código Imputacion (RSM) 185
A11: 1 | B11: 46020 | D11: 5450 | E11: 89920582 | F11: Señor Vidrios | G11: 15000
A12: 2 | B12: 46020 | D12: 3262474728 | E12: 81201000-k | F12: Bolsas Basura (para cierre tienda barros) | G12: 5580
A13: 3 | B13: 46020 | D13: 967962430-k | E13: 81270506 | F13: Plastico burbuja embalaje (para cierre tienda barros) | G13: 17580
A14: 4 | B14: 46021 | D14: 422919 | E14: 76797830-8 | F14: Cinta embalaje | G14: 3570
A15: 5 | B15: 46021 | D15: 422939 | E15: 76797830-8 | F15: Cinta embalaje | G15: 4760
A16: 6
A17: 7
A18: 8
A19: 9
A20: 10
A21: 11
A22: 12
A23: 13
A24: 14
A25: 15
B26: TOTALES | G26: =SUM(G11:G25) -> 46490

Sheet FEB2026
C1: RENDICION CAJA CHICA
C2: BARROS ARANA
G3: MES | H3: FEBRERO
B4: SALDO ANTERIOR | E4: =+'ENE2026'!H8 -> 57490
B5: DEPÓSITO RENDICION ANTERIOR
B6: MONTO ADICIONAL | E6: 0
B7: MONTO A RENDIR | E7: =SUM(E4:E6) -> 57490
B8: RENDIDO | E8: =+G26 -> 0 | G8: SALDO AL CIERRE | H8: =E7-E8 -> 57490
A10: N° | B10: Fecha | C10: Tipo Documento (boleta venta-boleta honorarios-factura) | D10: N° documento | E10: RUT Titular del documento | F10: Detalle | G10: Total | H10: Código Imputacion (RSM) 185
A11: 1
A12: 2
A13: 3
A14: 4
A15: 5
A16: 6
A17: 7
A18: 8
A19: 9
A20: 10
A21: 11
A22: 12
... A25: 15
B26: TOTALES | G26: =SUM(G11:G25) -> 0

Sheet MAR2026 
C1: RENDICION CAJA CHICA
C2: BARROS ARANA
G3: MES | H3: MARZO
B4: SALDO ANTERIOR | E4: =+'FEB2026'!H8 -> 57490
B5: DEPÓSITO RENDICION ANTERIOR
B6: MONTO ADICIONAL | E6: 0
B7: MONTO A RENDIR | E7: =SUM(E4:E6) -> 57490
B8: RENDIDO | E8: =+G26 -> 0 | G8: SALDO AL CIERRE | H8: =E7-E8 -> 57490
A10: N° | B10: Fecha | C10: Tipo Documento (boleta venta-boleta honorarios-factura) | D10: N° documento | E10: RUT Titular del documento | F10: Detalle | G10: Total | H10: Código Imputacion (RSM) 185
A11: 1
A12: 2
A13: 3
A14: 4
A15: 5
A16: 6
A17: 7
A18: 8
A19: 9
A20: 10
A21: 11
A22: 12
... A25: 15
B26: TOTALES | G26: =SUM(G11:G25) -> 0

Sheet ABR2026
C1: RENDICION CAJA CHICA
C2: BARROS ARANA
G3: MES | H3: ABRIL
B4: SALDO ANTERIOR | E4: =+'MAR2026 '!H8 -> 57490
B5: DEPÓSITO RENDICION ANTERIOR
B6: MONTO ADICIONAL | E6: 0
B7: MONTO A RENDIR | E7: =SUM(E4:E6) -> 57490
B8: RENDIDO | E8: =+G26 -> 0 | G8: SALDO AL CIERRE | H8: =E7-E8 -> 57490
A10: N° | B10: Fecha | C10: Tipo Documento (boleta venta-boleta honorarios-factura) | D10: N° documento | E10: RUT Titular del documento | F10: Detalle | G10: Total | H10: Código Imputacion (RSM) 185
A11: 1
A12: 2
A13: 3
A14: 4
A15: 5
A16: 6
A17: 7
A18: 8
A19: 9
A20: 10
A21: 11
A22: 12
... A25: 15
B26: TOTALES | G26: =SUM(G11:G25) -> 0

Sheet MAY2026
C1: RENDICION CAJA CHICA
C2: BARROS ARANA
G3: MES | H3: MAYO
B4: SALDO ANTERIOR | E4: =+'ABR2026'!H8 -> 57490
B5: DEPÓSITO RENDICION ANTERIOR
B6: MONTO ADICIONAL | E6: 0
B7: MONTO A RENDIR | E7: =SUM(E4:E6) -> 57490
B8: RENDIDO | E8: =+G26 -> 0 | G8: SALDO AL CIERRE | H8: =E7-E8 -> 57490
A10: N° | B10: Fecha | C10: Tipo Documento (boleta venta-boleta honorarios-factura) | D10: N° documento | E10: RUT Titular del documento | F10: Detalle | G10: Total | H10: Código Imputacion (RSM) 185
A11: 1
A12: 2
A13: 3
A14: 4
A15: 5
A16: 6
A17: 7
A18: 8
A19: 9
A20: 10
A21: 11
A22: 12
... A25: 15
B26: TOTALES | G26: =SUM(G11:G25) -> 0

Sheet JUN2026
C1: RENDICION CAJA CHICA
C2: BARROS ARANA
G3: MES | H3: JUNIO
B4: SALDO ANTERIOR | E4: =+'MAY2026'!H8 -> 57490
B5: DEPÓSITO RENDICION ANTERIOR
B6: MONTO ADICIONAL | E6: 0
B7: MONTO A RENDIR | E7: =SUM(E4:E6) -> 57490
B8: RENDIDO | E8: =+G26 -> 0 | G8: SALDO AL CIERRE | H8: =E7-E8 -> 57490
A10: N° | B10: Fecha | C10: Tipo Documento (boleta venta-boleta honorarios-factura) | D10: N° documento | E10: RUT Titular del documento | F10: Detalle | G10: Total | H10: Código Imputacion (RSM) 185
A11: 1
A12: 2
A13: 3
A14: 4
A15: 5
A16: 6
A17: 7
A18: 8
A19: 9
A20: 10
A21: 11
A22: 12
... A25: 15
B26: TOTALES | G26: =SUM(G11:G25) -> 0
