Workbook

Sheet ENERO
C1: RENDICION CAJA CHICA
C2: ESTADO
G3: MES | H3: ENERO
B4: SALDO ANTERIOR | E4: 47530
B5: DEPÓSITO RENDICION ANTERIOR | E5: 52470
B6: MONTO ADICIONAL | E6: 0
B7: MONTO A RENDIR | E7: =SUM(E4:E6) -> 100000
B8: RENDIDO | E8: =+G26 -> 17830 | G8: SALDO AL CIERRE | H8: =E7-E8 -> 82170
A10: N° | B10: Fecha | C10: Tipo Documento (boleta venta-boleta honorarios-factura) | D10: N° documento | E10: RUT Titular del documento | F10: Detalle | G10: Total | H10: Código Imputacion (RSM) 190
A11: 1 | B11: 45673 | C11: BOLETA | F11: agua | G11: 5000
A12: 2 | B12: 45685 | C12: BOLETA | D12: 2982227679 | F12: Desayuno cumpleños mayerli | G12: 12830
A13: 3
A14: 4
A15: 5
A16: 6
A17: 7
A18: 8
A19: 9
A20: 10
A21: 11
A22: 12
A23: 13
A24: 14
A25: 15
B26: TOTALES | G26: =SUM(G11:G25) -> 17830

Sheet FEBRERO
C1: RENDICION CAJA CHICA
C2: ESTADO
G3: MES | H3: FEBRERO
B4: SALDO ANTERIOR | E4: =+ENERO!H8 -> 82170
B5: DEPÓSITO RENDICION ANTERIOR | E5: 17830
B6: MONTO ADICIONAL | E6: 0
B7: MONTO A RENDIR | E7: =SUM(E4:E6) -> 100000
B8: RENDIDO | E8: =+G26 -> 26050 | G8: SALDO AL CIERRE | H8: =E7-E8 -> 73950
A10: N° | B10: Fecha | C10: Tipo Documento (boleta venta-boleta honorarios-factura) | D10: N° documento | E10: RUT Titular del documento | F10: Detalle | G10: Total | H10: Código Imputacion (RSM) 190
A11: 1 | B11: 45698 | C11: BOLETA | F11: AGUA | G11: 10000
A12: 2 | B12: 45705 | C12: BOLETA | D12: 52940482 | F12: ENVIO MATERIAL VISUAL CONCE Y TALCA | G12: 15050
A13: 3 | B13: 45692 | C13: BOLETA | D13: 21224466188 | F13: PAPEL HIGIENICO | G13: 1000
A14: 4
A15: 5
A16: 6
A17: 7
A18: 8
A19: 9
A20: 10
A21: 11
A22: 12
A23: 13
A24: 14
A25: 15
B26: TOTALES | G26: =SUM(G11:G25) -> 26050

Sheet MARZO
C1: RENDICION CAJA CHICA
C2: ESTADO
G3: MES | H3: MARZO
B4: SALDO ANTERIOR | E4: =+FEBRERO!H8 -> 73950 | J4: saldo anterior dejar con link que arrastra valor
B5: DEPÓSITO RENDICION ANTERIOR | E5: 26050
B6: MONTO ADICIONAL | E6: 0
B7: MONTO A RENDIR | E7: =SUM(E4:E6) -> 100000
B8: RENDIDO | E8: =+G26 -> 51860 | G8: SALDO AL CIERRE | H8: =E7-E8 -> 48140
A10: N° | B10: Fecha | C10: Tipo Documento (boleta venta-boleta honorarios-factura) | D10: N° documento | E10: RUT Titular del documento | F10: Detalle | G10: Total | H10: Código Imputacion (RSM) 190
A11: 1 | B11: 45719 | C11: boleta | D11: 290598 | F11: ENTRADA A BAÑO PUBLICO | G11: 800
A12: 2 | B12: 45719 | C12: boleta | D12: 2126302420 | F12: paños para secar | G12: 4340
A13: 3 | B13: 45751 | C13: boleta | D13: 78680072 | F13: cafes equipo | G13: 18320
A14: 4 | B14: 45722 | C14: boleta | F14: agua | G14: 5000
A15: 5 | B15: 45729 | C15: boleta | D15: 229520025-2126305102 | F15: bienvenida nuevo integrante | G15: 6370
A16: 6 | B16: 45736 | C16: boleta | D16: 16470806 | F16: pizza cumpleaños | G16: 9980
A17: 7 | B17: 45741 | C17: boleta | D17: 3029096551 | F17: papel hgienico | G17: 2050
A18: 8 | B18: 45747 | C18: boleta | F18: agua | G18: 5000
A19: 9
A20: 10
A21: 11
A22: 12
A23: 13
A24: 14
A25: 15
B26: TOTALES | G26: =SUM(G11:G25) -> 51860

Sheet ABRIL
C1: RENDICION CAJA CHICA
C2: ESTADO | K2: no mover link de saldo anterior
G3: MES | H3: ABRIL | K3: siempre agregar en deposito el valor que les ingresa Raul
B4: SALDO ANTERIOR | E4: =+MARZO!H8 -> 48140
B5: DEPÓSITO RENDICION ANTERIOR | E5: 51860
B6: MONTO ADICIONAL | E6: 0
B7: MONTO A RENDIR | E7: =SUM(E4:E6) -> 100000
B8: RENDIDO | E8: =+G26 -> 49950 | G8: SALDO AL CIERRE | H8: =E7-E8 -> 50050
A10: N° | B10: Fecha | C10: Tipo Documento (boleta venta-boleta honorarios-factura) | D10: N° documento | E10: RUT Titular del documento | F10: Detalle | G10: Total | H10: Código Imputacion (RSM) 190
A11: 1 | B11: 45756 | C11: BOLETA | D11: 3081 | F11: ESPEJO | G11: 7990
A12: 2 | B12: 45754 | C12: BOLETA | D12: 207240 | F12: DESTORNILLADOR | G12: 8990
A13: 3 | B13: 45759 | C13: BOLETA | D13: 25587202 | F13: REUNION EQUIPO | G13: 12480
A14: 4 | B14: 45761 | C14: BOLETA | D14: 14 | F14: AGUA | G14: 5000
A15: 5 | B15: 45763 | C15: BOLETA | D15: 208625 | F15: CINTA DOBLE CONTACTO | G15: 6990
A16: 6 | B16: 45772 | C16: BOLETA | D16: 141 | F16: AGUA | G16: 2500
A17: 7 | B17: 45776 | C17: BOLETA | D17: 129473 | F17: CAFÉ RECEPCION MERCADERIA | G17: 6000
A18: 8
A19: 9
A20: 10
A21: 11
A22: 12
A23: 13
A24: 14
A25: 15
B26: TOTALES | G26: =SUM(G11:G25) -> 49950

Sheet MAYO
C1: RENDICION CAJA CHICA
C2: ESTADO
G3: MES | H3: MAYO
B4: SALDO ANTERIOR | E4: =+ABRIL!H8 -> 50050
B5: DEPÓSITO RENDICION ANTERIOR | E5: 49950
B6: MONTO ADICIONAL | E6: 0
B7: MONTO A RENDIR | E7: =SUM(E4:E6) -> 100000
B8: RENDIDO | E8: =+G26 -> 20260 | G8: SALDO AL CIERRE | H8: =E7-E8 -> 79740
A10: N° | B10: Fecha | C10: Tipo Documento (boleta venta-boleta honorarios-factura) | D10: N° documento | E10: RUT Titular del documento | F10: Detalle | G10: Total | H10: Código Imputacion (RSM) 190
A11: 1 | B11: 45779 | C11: Boleta | D11: 750 | F11: agua | G11: 5000
A12: 2 | B12: 45786 | C12: factura | D12: 8 | E12: 10.047.460-3 | F12: mantencin cortina | G12: 10260
A13: 3 | B13: 45799 | C13: boleta | D13: 878 | F13: agua | G13: 5000
A14: 4
A15: 5
A16: 6
A17: 7
A18: 8
A19: 9
A20: 10
A21: 11
A22: 12
A23: 13
A24: 14
A25: 15
B26: TOTALES | G26: =SUM(G11:G25) -> 20260

Sheet JUNIO
C1: RENDICION CAJA CHICA
C2: ESTADO
G3: MES | H3: JUNIO
B4: SALDO ANTERIOR | E4: =+MAYO!H8 -> 79740
B5: DEPÓSITO RENDICION ANTERIOR | E5: 20260
B6: MONTO ADICIONAL | E6: 0
B7: MONTO A RENDIR | E7: =SUM(E4:E6) -> 100000
B8: RENDIDO | E8: =+G26 -> 49020 | G8: SALDO AL CIERRE | H8: =E7-E8 -> 50980
A10: N° | B10: Fecha | C10: Tipo Documento (boleta venta-boleta honorarios-factura) | D10: N° documento | E10: RUT Titular del documento | F10: Detalle | G10: Total | H10: Código Imputacion (RSM) 190
A11: 1 | B11: 45812 | C11: Boleta | D11: 1152 | F11: AGUA | G11: 5000
A12: 2 | B12: 45813 | C12: Boleta | D12: 1557 | F12: Candados e iman | G12: 21230
A13: 3 | B13: 45826 | C13: Boleta | D13: 22005 | F13: Aguja para etiquetadora | G13: 5210
A14: 4 | B14: 45827 | C14: Boleta | D14: 1174 | F14: AGUA | G14: 5000
A15: 5 | B15: 45828 | C15: Boleta | D15: 791954930 | F15: Cerrojo y caja organizadora | G15: 12580
A16: 6
A17: 7
A18: 8
A19: 9
A20: 10
A21: 11
A22: 12
A23: 13
A24: 14
A25: 15
B26: TOTALES | G26: =SUM(G11:G25) -> 49020

Sheet JULIO
C1: RENDICION CAJA CHICA
C2: ESTADO
G3: MES | H3: JULIO
B4: SALDO ANTERIOR | E4: =JUNIO!H8 -> 50980
B5: DEPÓSITO RENDICION ANTERIOR | E5: 49020
B6: MONTO ADICIONAL | E6: 0
B7: MONTO A RENDIR | E7: =SUM(E4:E6) -> 100000
B8: RENDIDO | E8: =+G26 -> 78570 | G8: SALDO AL CIERRE | H8: =E7-E8 -> 21430
A10: N° | B10: Fecha | C10: Tipo Documento (boleta venta-boleta honorarios-factura) | D10: N° documento | E10: RUT Titular del documento | F10: Detalle | G10: Total | H10: Código Imputacion (RSM) 190
A11: 1 | B11: 45855 | C11: Boleta | D11: 203 | F11: Agua | G11: 5000
A12: 2 | B12: 45852 | C12: Boleta | D12: 48522 | F12: Cafes equipo | G12: 12000
A13: 3 | B13: 45853 | C13: Boleta | D13: 501919 | F13: Aluerzo equipo | G13: 52580
A14: 4 | B14: 45863 | C14: Boleta | D14: 220033 | F14: Luz panel de salon | G14: 8990
A15: 5
A16: 6
A17: 7
A18: 8
A19: 9
A20: 10
A21: 11
A22: 12
A23: 13
A24: 14
A25: 15
B26: TOTALES | G26: =SUM(G11:G25) -> 78570

Sheet AGOSTO
C1: RENDICION CAJA CHICA
C2: ESTADO
G3: MES | H3: AGOSTO
B4: SALDO ANTERIOR | E4: =JULIO!H8 -> 21430
B5: DEPÓSITO RENDICION ANTERIOR | E5: 78570
B6: MONTO ADICIONAL | E6: 0
B7: MONTO A RENDIR | E7: =SUM(E4:E6) -> 100000
B8: RENDIDO | E8: =+G26 -> 29180 | G8: SALDO AL CIERRE | H8: =E7-E8 -> 70820
A10: N° | B10: Fecha | C10: Tipo Documento (boleta venta-boleta honorarios-factura) | D10: N° documento | E10: RUT Titular del documento | F10: Detalle | G10: Total | H10: Código Imputacion (RSM) 190
A11: 1 | B11: 45864 | C11: Boleta | D11: 191 | F11: Agua | G11: 2500
A12: 2 | B12: 45866 | C12: Boleta | D12: 120188999414 | F12: Pilas control | G12: 7000
A13: 3 | B13: 45875 | C13: Factura | D13: 15 | F13: Mantecion cortina | G13: 14680
A14: 4 | B14: 45875 | C14: Boleta | D14: 701 | F14: Agua | G14: 2500
A15: 5 | B15: 45885 | C15: Boleta | D15: 763 | F15: Agua | G15: 2500
A16: 6
A17: 7
A18: 8
A19: 9
A20: 10
A21: 11
A22: 12
A23: 13
A24: 14
A25: 15
B26: TOTALES | G26: =SUM(G11:G25) -> 29180

Sheet SEPTIEMBRE
C1: RENDICION CAJA CHICA
C2: ESTADO
G3: MES | H3: SEPTIEMBRE
B4: SALDO ANTERIOR | E4: =+AGOSTO!H8 -> 70820
B5: DEPÓSITO RENDICION ANTERIOR | E5: 29180
B6: MONTO ADICIONAL | E6: 0
B7: MONTO A RENDIR | E7: =SUM(E4:E6) -> 100000
B8: RENDIDO | E8: =+G26 -> 34730 | G8: SALDO AL CIERRE | H8: =E7-E8 -> 65270
A10: N° | B10: Fecha | C10: Tipo Documento (boleta venta-boleta honorarios-factura) | D10: N° documento | E10: RUT Titular del documento | F10: Detalle | G10: Total | H10: Código Imputacion (RSM) 190
A11: 1 | B11: 45919 | C11: BOLETA | D11: 380 | F11: AGUA | G11: 5000
A12: 2 | B12: 45917 | C12: BOLETA | D12: 1664950 | F12: Desayuno equipo | G12: 12000
A13: 3 | B13: 45907 | C13: BOLETA | D13: 177291812 | F13: Desayuno equipo | G13: 12730
A14: 4 | B14: 45923 | C14: BOLETA | D14: 394 | F14: AGUA | G14: 5000
A15: 5 | G15: .
A16: 6
A17: 7
A18: 8
A19: 9
A20: 10
A21: 11
A22: 12
A23: 13
A24: 14
A25: 15
B26: TOTALES | G26: =SUM(G11:G25) -> 34730

Sheet OCTUBRE
C1: RENDICION CAJA CHICA
C2: ESTADO
G3: MES | H3: OCTUBRE
B4: SALDO ANTERIOR | E4: =+SEPTIEMBRE!H8 -> 65270
B5: DEPÓSITO RENDICION ANTERIOR | E5: 34730
B6: MONTO ADICIONAL | E6: 0
B7: MONTO A RENDIR | E7: =SUM(E4:E6) -> 100000
B8: RENDIDO | E8: =+G26 -> 65240 | G8: SALDO AL CIERRE | H8: =E7-E8 -> 34760
A10: N° | B10: Fecha | C10: Tipo Documento (boleta venta-boleta honorarios-factura) | D10: N° documento | E10: RUT Titular del documento | F10: Detalle | G10: Total | H10: Código Imputacion (RSM) 190
A11: 1 | B11: 45929 | C11: FACTURA | D11: 1323 | F11: LIMPIEZA DE FACHADAS | G11: 50000
A12: 2 | B12: 45933 | C12: BOLETA | D12: 221 | F12: AGUA | G12: 2500
A13: 3 | B13: 45951 | C13: BOLETA | D13: 61664 | F13: ALCOHOL | G13: 2750
A14: 4 | B14: 45953 | C14: BOLETA | D14: 230892 | F14: CORDEL PLASTICO | G14: 9990
A15: 5 | G15: .
A16: 6
A17: 7
A18: 8
A19: 9
A20: 10
A21: 11
A22: 12
A23: 13
A24: 14
A25: 15
B26: TOTALES | G26: =SUM(G11:G25) -> 65240

Sheet NOVIEMBRE
C1: RENDICION CAJA CHICA
C2: ESTADO
G3: MES | H3: NOVIEMBRE
B4: SALDO ANTERIOR | E4: =+OCTUBRE!H8 -> 34760
B5: DEPÓSITO RENDICION ANTERIOR | E5: 65240
B6: MONTO ADICIONAL | E6: 0
B7: MONTO A RENDIR | E7: =SUM(E4:E6) -> 100000
B8: RENDIDO | E8: =+G26 -> 22990 | G8: SALDO AL CIERRE | H8: =E7-E8 -> 77010
A10: N° | B10: Fecha | C10: Tipo Documento (boleta venta-boleta honorarios-factura) | D10: N° documento | E10: RUT Titular del documento | F10: Detalle | G10: Total | H10: Código Imputacion (RSM) 190
A11: 1 | B11: 45958 | C11: BOLETA | D11: 571 | F11: AGUA | G11: 5000
A12: 2 | B12: 45965 | C12: BOLETA | D12: 15223685 | F12: adaptador usb | G12: 12990
A13: 3 | B13: 45982 | C13: BOLETA | D13: 571 | F13: AGUA | G13: 5000
A14: 4
A15: 5
A16: 6
A17: 7
A18: 8
A19: 9
A20: 10
A21: 11
A22: 12
A23: 13
A24: 14
A25: 15
B26: TOTALES | G26: =SUM(G11:G25) -> 22990

Sheet DICIEMBRE
C1: RENDICION CAJA CHICA
C2: ESTADO
G3: MES | H3: DICIEMBRE
B4: SALDO ANTERIOR | E4: =+NOVIEMBRE!H8 -> 77010
B5: DEPÓSITO RENDICION ANTERIOR | E5: 22990
B6: MONTO ADICIONAL | E6: 0
B7: MONTO A RENDIR | E7: =SUM(E4:E6) -> 100000
B8: RENDIDO | E8: =+G26 -> 28770 | G8: SALDO AL CIERRE | H8: =E7-E8 -> 71230
A10: N° | B10: Fecha | C10: Tipo Documento (boleta venta-boleta honorarios-factura) | D10: N° documento | E10: RUT Titular del documento | F10: Detalle | G10: Total | H10: Código Imputacion (RSM) 190
A11: 1 | B11: 45994 | C11: BOLETA | D11: 235466 | F11: articulos para tienda | G11: 3290
A12: 2 | B12: 45994 | C12: BOLETA | D12: 3896 | F12: mantencion de cortinas metalicas | G12: 20000
A13: 3 | B13: 46008 | C13: BOLETA | D13: 16912202 | F13: articulos para tienda | G13: 2980
A14: 4 | B14: 46009 | C14: BOLETA | D14: 137 | F14: AGUA | G14: 2500
A15: 5
A16: 6
A17: 7
A18: 8
A19: 9
A20: 10
A21: 11
A22: 12
A23: 13
A24: 14
A25: 15
B26: TOTALES | G26: =SUM(G11:G25) -> 28770

Sheet  ENERO 2026
C1: RENDICION CAJA CHICA
C2: ESTADO
G3: MES | H3: DICIEMBRE
B4: SALDO ANTERIOR | E4: =DICIEMBRE!H8 -> 71230
B5: DEPÓSITO RENDICION ANTERIOR | E5: 28770
B6: MONTO ADICIONAL | E6: 0
B7: MONTO A RENDIR | E7: =SUM(E4:E6) -> 100000
B8: RENDIDO | E8: =+G26 -> 13150 | G8: SALDO AL CIERRE | H8: =E7-E8 -> 86850
A10: N° | B10: Fecha | C10: Tipo Documento (boleta venta-boleta honorarios-factura) | D10: N° documento | E10: RUT Titular del documento | F10: Detalle | G10: Total | H10: Código Imputacion (RSM) 190
A11: 1 | B11: 46021 | D11: 2003 | F11: AGUA | G11: 5000
A12: 2 | B12: 45659 | D12: 29924 | F12: articulos para tienda | G12: 8150
A13: 3
A14: 4
A15: 5
A16: 6
A17: 7
A18: 8
A19: 9
A20: 10
A21: 11
A22: 12
A23: 13
A24: 14
A25: 15
B26: TOTALES | G26: =SUM(G11:G25) -> 13150
