Workbook

Sheet DICIEMBRE_2025
C1: RENDICION CAJA CHICA
C2: TREBOL
G3: MES | H3: diciembre
B4: SALDO ANTERIOR | E4: 53486
B5: DEPÓSITO RENDICION ANTERIOR | E5: 46514
B6: MONTO ADICIONAL | E6: 0
B7: MONTO A RENDIR | E7: =SUM(E4:E6) -> 100000
B8: RENDIDO | E8: =+G26 -> 69920 | G8: SALDO AL CIERRE | H8: =E7-E8 -> 30080
A10: N° | B10: Fecha | C10: Tipo Documento (boleta venta-boleta honorarios-factura) | D10: N° documento | E10: RUT Titular del documento | F10: Detalle | G10: Total | H10: Código Imputacion (RSM) 150
A11: 1 | B11: 45988 | C11: BOLETA VENTA | D11: 24106 | E11: 77871211-3 | F11: RECARGA DE AGUA | G11: 7000
A12: 2 | B12: 45989 | C12: BOLETA VENTA | D12: 5356 | E12: 8992058-2 | F12: LIMPIEZA VIDRIOS NOVIEMBRE | G12: 15000
A13: 3 | B13: 45990 | C13: BOLETA VENTA | D13: 122452511290270 | E13: 77960762-3 | F13: CINTA ADHESIVA | G13: 4900
A14: 4 | B14: 45996 | C14: BOLETA VENTA | D14: 13645308 | E14: 76306594-4 | F14: CUMPLEAÑOS ROXANA | G14: 14060
A15: 5 | B15: 46004 | C15: BOLETA VENTA | D15: 24124 | E15: 77871211-3 | F15: RECARGA DE AGUA | G15: 7000
A16: 6 | B16: 46000 | C16: BOLETA VENTA | D16: 122452512090144 | E16: 77960762-3 | F16: CINTA ADHESIVA | G16: 1900
A17: 7 | B17: 46017 | C17: BOLETA VENTA | D17: 122452212260342 | E17: 77960762-3 | F17: SOBRES Y CANASTO PARA GIFTCARD | G17: 5500
A18: 8 | B18: 46001 | C18: BOLETA VENTA | D18: 796908084 | E18: 78627210-6 | F18: CUMPLEAÑOS ANDRYS | G18: 14560
A19: 9
A20: 10
A21: 11
A22: 12
A23: 13
A24: 14
A25: 15
B26: TOTALES | G26: =SUM(G11:G25) -> 69920

Sheet ENERO_2026
C1: RENDICION CAJA CHICA
C2: TREBOL
G3: MES | H3: ENERO
B4: SALDO ANTERIOR | E4: =+DICIEMBRE_2025!H8 -> 30080
B5: DEPÓSITO RENDICION ANTERIOR | E5: 69920
B6: MONTO ADICIONAL | E6: 0
B7: MONTO A RENDIR | E7: =SUM(E4:E6) -> 100000
B8: RENDIDO | E8: =+G19 -> 97318 | G8: SALDO AL CIERRE | H8: =E7-E8 -> 2682
A10: N° | B10: Fecha | C10: Tipo Documento (boleta venta-boleta honorarios-factura) | D10: N° documento | E10: RUT Titular del documento | F10: Detalle | G10: Total | H10: Código Imputacion (RSM) 150
A11: 1 | B11: 46021 | C11: BOLETA HONORARIO | D11: 5489 | E11: 8.992.058-2 | F11: LIMPIEZA DE VIDRIOS | G11: 15000
A12: 2 | B12: 46028 | C12: PASAJE | F12: PASAJE BUS A SANTIAGO REUNION OBLIGATORIA | G12: 20470
A13: 3 | B13: 46029 | C13: PASAJE | F13: UBER A LUGAR DE REUNION | G13: 13783
A14: 4 | B14: 46030 | C14: BOLETA VENTA | D14: 24162 | E14: 77.871.211-3 | F14: RECARGA DE AGUA | G14: 10500
A15: 5 | B15: 46031 | C15: PASAJE | F15: PASAJE BUS DE RETORNO REUNION OBLIGATORIA | G15: 26250
A16: 6 | B16: 46031 | C16: PASAJE | F16: UBER TERMINAL DE SANTIAGO | G16: 6025
A17: 7 | B17: 46032 | C17: BOLETA VENTA | D17: 57250996 | E17: 80.478.200-1 | F17: COMPRA INSUMOS ESCRITORIO | G17: 5290
A18: 15
G19: =SUM(G11:G18) -> 97318
B20: TOTALES

Sheet FEBRERO 2026
C1: RENDICION CAJA CHICA
C2: TREBOL
G3: MES | H3: FEBRERO
B4: SALDO ANTERIOR | E4: =+ENERO_2026!H8 -> 2682
B5: DEPÓSITO RENDICION ANTERIOR
B6: MONTO ADICIONAL | E6: 0
B7: MONTO A RENDIR | E7: =SUM(E4:E6) -> 2682
B8: RENDIDO | E8: =+G26 -> 0 | G8: SALDO AL CIERRE | H8: =E7-E8 -> 2682
A10: N° | B10: Fecha | C10: Tipo Documento (boleta venta-boleta honorarios-factura) | D10: N° documento | E10: RUT Titular del documento | F10: Detalle | G10: Total | H10: Código Imputacion (RSM) 150
A11: 1
A12: 2
A13: 3
A14: 4
A15: 5
A16: 6
A17: 7
A18: 8
A19: 9
A20: 10
A21: 11
A22: 12
... A25: 15
G26: =SUM(G11:G25) -> 0
B27: TOTALES

Sheet MARZO 2026
C1: RENDICION CAJA CHICA
C2: TREBOL
G3: MES | H3: MARZO
B4: SALDO ANTERIOR | E4: =+'FEBRERO 2026'!H8 -> 2682
B5: DEPÓSITO RENDICION ANTERIOR
B6: MONTO ADICIONAL | E6: 0
B7: MONTO A RENDIR | E7: =SUM(E4:E6) -> 2682
B8: RENDIDO | E8: =+G26 -> 0 | G8: SALDO AL CIERRE | H8: =E7-E8 -> 2682
A10: N° | B10: Fecha | C10: Tipo Documento (boleta venta-boleta honorarios-factura) | D10: N° documento | E10: RUT Titular del documento | F10: Detalle | G10: Total | H10: Código Imputacion (RSM) 150
A11: 1
A12: 2
A13: 3
A14: 4
A15: 5
A16: 6
A17: 7
A18: 8
A19: 9
A20: 10
A21: 11
A22: 12
... A25: 15
G26: =SUM(G11:G25) -> 0
B27: TOTALES

Sheet ABRIL 2026
C1: RENDICION CAJA CHICA
C2: TREBOL
G3: MES | H3: ABRIL
B4: SALDO ANTERIOR | E4: =+'MARZO 2026'!H8 -> 2682
B5: DEPÓSITO RENDICION ANTERIOR
B6: MONTO ADICIONAL | E6: 0
B7: MONTO A RENDIR | E7: =SUM(E4:E6) -> 2682
B8: RENDIDO | E8: =+G26 -> 0 | G8: SALDO AL CIERRE | H8: =E7-E8 -> 2682
A10: N° | B10: Fecha | C10: Tipo Documento (boleta venta-boleta honorarios-factura) | D10: N° documento | E10: RUT Titular del documento | F10: Detalle | G10: Total | H10: Código Imputacion (RSM) 150
A11: 1
A12: 2
A13: 3
A14: 4
A15: 5
A16: 6
A17: 7
A18: 8
A19: 9
A20: 10
A21: 11
A22: 12
... A25: 15
G26: =SUM(G11:G25) -> 0
B27: TOTALES

Sheet MAYO 2026
C1: RENDICION CAJA CHICA
C2: TREBOL
G3: MES | H3: MAYO
B4: SALDO ANTERIOR | E4: =+'ABRIL 2026'!H8 -> 2682
B5: DEPÓSITO RENDICION ANTERIOR
B6: MONTO ADICIONAL | E6: 0
B7: MONTO A RENDIR | E7: =SUM(E4:E6) -> 2682
B8: RENDIDO | E8: =+G26 -> 0 | G8: SALDO AL CIERRE | H8: =E7-E8 -> 2682
A10: N° | B10: Fecha | C10: Tipo Documento (boleta venta-boleta honorarios-factura) | D10: N° documento | E10: RUT Titular del documento | F10: Detalle | G10: Total | H10: Código Imputacion (RSM) 150
A11: 1
A12: 2
A13: 3
A14: 4
A15: 5
A16: 6
A17: 7
A18: 8
A19: 9
A20: 10
A21: 11
A22: 12
... A25: 15
G26: =SUM(G11:G25) -> 0
B27: TOTALES

Sheet JUNIO 2026
C1: RENDICION CAJA CHICA
C2: TREBOL
G3: MES | H3: JUNIO
B4: SALDO ANTERIOR | E4: =+'MAYO 2026'!H8 -> 2682
B5: DEPÓSITO RENDICION ANTERIOR
B6: MONTO ADICIONAL | E6: 0
B7: MONTO A RENDIR | E7: =SUM(E4:E6) -> 2682
B8: RENDIDO | E8: =+G26 -> 0 | G8: SALDO AL CIERRE | H8: =E7-E8 -> 2682
A10: N° | B10: Fecha | C10: Tipo Documento (boleta venta-boleta honorarios-factura) | D10: N° documento | E10: RUT Titular del documento | F10: Detalle | G10: Total | H10: Código Imputacion (RSM) 150
A11: 1
A12: 2
A13: 3
A14: 4
A15: 5
A16: 6
A17: 7
A18: 8
A19: 9
A20: 10
A21: 11
A22: 12
... A25: 15
G26: =SUM(G11:G25) -> 0
B27: TOTALES
