Workbook

Sheet DICIEMBRE_2025
C1: RENDICION CAJA CHICA
C2: TREBOL
G3: MES | H3: diciembre
B4: SALDO ANTERIOR | E4: 53486
B5: DEPÓSITO RENDICION ANTERIOR | E5: 46514
B6: MONTO ADICIONAL | E6: 0
B7: MONTO A RENDIR | E7: =SUM(E4:E6) -> 100000
B8: RENDIDO | E8: =+G26 -> 69920 | G8: SALDO AL CIERRE | H8: =E7-E8 -> 30080
A10: N° | B10: Fecha | C10: Tipo Documento (boleta venta-boleta honorarios-factura) | D10: N° documento | E10: RUT Titular del documento | F10: Detalle | G10: Total | H10: Código Imputacion (RSM) 150
A11: 1 | B11: 45988 | C11: BOLETA VENTA | D11: 24106 | E11: 77871211-3 | F11: RECARGA DE AGUA | G11: 7000
A12: 2 | B12: 45989 | C12: BOLETA VENTA | D12: 5356 | E12: 8992058-2 | F12: LIMPIEZA VIDRIOS NOVIEMBRE | G12: 15000
A13: 3 | B13: 45990 | C13: BOLETA VENTA | D13: 122452511290270 | E13: 77960762-3 | F13: CINTA ADHESIVA | G13: 4900
A14: 4 | B14: 45996 | C14: BOLETA VENTA | D14: 13645308 | E14: 76306594-4 | F14: CUMPLEAÑOS ROXANA | G14: 14060
A15: 5 | B15: 46004 | C15: BOLETA VENTA | D15: 24124 | E15: 77871211-3 | F15: RECARGA DE AGUA | G15: 7000
A16: 6 | B16: 46000 | C16: BOLETA VENTA | D16: 122452512090144 | E16: 77960762-3 | F16: CINTA ADHESIVA | G16: 1900
A17: 7 | B17: 46017 | C17: BOLETA VENTA | D17: 122452212260342 | E17: 77960762-3 | F17: SOBRES Y CANASTO PARA GIFTCARD | G17: 5500
A18: 8 | B18: 46001 | C18: BOLETA VENTA | D18: 796908084 | E18: 78627210-6 | F18: CUMPLEAÑOS ANDRYS | G18: 14560
A19: 9
A20: 10
A21: 11
A22: 12
A23: 13
A24: 14
A25: 15
B26: TOTALES | G26: =SUM(G11:G25) -> 69920

Sheet ENERO_2026
C1: RENDICION CAJA CHICA
C2: TREBOL
G3: MES | H3: ENERO
B4: SALDO ANTERIOR | E4: =+DICIEMBRE_2025!H8 -> 30080
B5: DEPÓSITO RENDICION ANTERIOR | E5: 69920
B6: MONTO ADICIONAL | E6: 0
B7: MONTO A RENDIR | E7: =SUM(E4:E6) -> 100000
B8: RENDIDO | E8: =+G19 -> 97318 | G8: SALDO AL CIERRE | H8: =E7-E8 -> 2682
A10: N° | B10: Fecha | C10: Tipo Documento (boleta venta-boleta honorarios-factura) | D10: N° documento | E10: RUT Titular del documento | F10: Detalle | G10: Total | H10: Código Imputacion (RSM) 150
A11: 1 | B11: 46021 | C11: BOLETA HONORARIO | D11: 5489 | E11: 8.992.058-2 | F11: LIMPIEZA DE VIDRIOS | G11: 15000
A12: 2 | B12: 46028 | C12: PASAJE | F12: PASAJE BUS A SANTIAGO REUNION OBLIGATORIA | G12: 20470
A13: 3 | B13: 46029 | C13: PASAJE | F13: UBER A LUGAR DE REUNION | G13: 13783
A14: 4 | B14: 46030 | C14: BOLETA VENTA | D14: 24162 | E14: 77.871.211-3 | F14: RECARGA DE AGUA | G14: 10500
A15: 5 | B15: 46031 | C15: PASAJE | F15: PASAJE BUS DE RETORNO REUNION OBLIGATORIA | G15: 26250
A16: 6 | B16: 46031 | C16: PASAJE | F16: UBER TERMINAL DE SANTIAGO | G16: 6025
A17: 7 | B17: 46032 | C17: BOLETA VENTA | D17: 57250996 | E17: 80.478.200-1 | F17: COMPRA INSUMOS ESCRITORIO | G17: 5290
A18: 15
G19: =SUM(G11:G18) -> 97318
B20: TOTALES

Sheet FEBRERO 2026
C1: RENDICION CAJA CHICA
C2: TREBOL
G3: MES | H3: FEBRERO
B4: SALDO ANTERIOR | E4: =+ENERO_2026!H8 -> 2682
B5: DEPÓSITO RENDICION ANTERIOR | E5: 46490
B6: MONTO ADICIONAL | E6: 0
B7: MONTO A RENDIR | E7: =SUM(E4:E6) -> 49172
B8: RENDIDO | E8: =+G26 -> 34383 | G8: SALDO AL CIERRE | H8: =E7-E8 -> 14789
A10: N° | B10: Fecha | C10: Tipo Documento (boleta venta-boleta honorarios-factura) | D10: N° documento | E10: RUT Titular del documento | F10: Detalle | G10: Total | H10: Código Imputacion (RSM) 150
A11: 1 | B11: 46049 | C11: BOLETA HONORARIOS | D11: 5524 | E11: 8992058-2 | F11: LIMPIEZA DE VIDRIOS | G11: 15000
A12: 2 | B12: 46053 | C12: BOLETA VENTA | D12: 3293380953 | E12: 81201000-K | F12: CINTA ADHESIVA | G12: 3493
A13: 3 | B13: 46053 | C13: BOLETA VENTA | D13: 24103 | E13: 77871211-3 | F13: RECARGA DE AGUA | G13: 10500
A14: 4 | B14: 46059 | C14: BOLETA VENTA | D14: 3297865924 | E14: 81201000-K | F14: PRODUCTOS DE LIMPIEZA | G14: 5390
A15: 5
A16: 6
A17: 7
A18: 8
A19: 9
A20: 10
A21: 11
A22: 12
A23: 13
A24: 14
A25: 15
G26: =SUM(G11:G25) -> 34383
B27: TOTALES

Sheet MARZO 2026
C1: RENDICION CAJA CHICA
C2: TREBOL
G3: MES | H3: MARZO
B4: SALDO ANTERIOR | E4: =+'FEBRERO 2026'!H8 -> 14789
B5: DEPÓSITO RAUL | E5: 131701
B6: MONTO ADICIONAL | E6: 0
B7: MONTO A RENDIR | E7: =SUM(E4:E6) -> 146490
B8: RENDIDO | E8: =+G26 -> 52020 | G8: SALDO AL CIERRE | H8: =E7-E8 -> 94470
A10: N° | B10: Fecha | C10: Tipo Documento (boleta venta-boleta honorarios-factura) | D10: N° documento | E10: RUT Titular del documento | F10: Detalle | G10: Total | H10: Código Imputacion (RSM) 150
A11: 1 | B11: 46080 | C11: BOLETA HONORARIOS | D11: 5645 | E11: 8.992.058-2 | F11: LIMPEZA DE VIDRIOS | G11: 15000
A12: 2 | B12: 46084 | C12: BOLETA VENTA | D12: 873242 | E12: 78.919.700-8 | F12: PILAS CONTROL TV | G12: 2100
A13: 3 | B13: 46084 | C13: BOLETA VENTA | D13: 16218463 | E13: 78.885.550-8 | F13: TECLADO PC | G13: 7990
A14: 4 | B14: 46088 | C14: BOLETA VENTA | D14: 122442603070053 | E14: 77.960.762-3 | F14: CINTA ADHESIVA | G14: 2500
A15: 5 | B15: 46094 | C15: BOLETA VENTA | D15: 580298899 | E15: 80.478.200-1 | F15: CINTA ADHESIVA | G15: 1990
A16: 6 | B16: 46100 | C16: BOLETA VENTA | D16: 58030885 | E16: 80.478.200-1 | F16: CINTA ADHESIVA | G16: 7960
A17: 7 | B17: 46106 | C17: BOLETA VENTA | D17: 58031817 | E17: 80.478.200-1 | F17: CINTA ADHESIVA | G17: 3980
A18: 8 | B18: 46107 | C18: BOLETA VENTA | D18: 24263 | E18: 77.871.211-3 | F18: RECARGA DE AGUA | G18: 10500
A19: 9
A20: 10
A21: 11
A22: 12
A23: 13
A24: 14
A25: 15
G26: =SUM(G11:G25) -> 52020
B27: TOTALES

Sheet ABRIL 2026
C1: RENDICION CAJA CHICA
C2: TREBOL
G3: MES | H3: ABRIL
B4: SALDO ANTERIOR | E4: =+'MARZO 2026'!H8 -> 94470
B5: DEPÓSITO RAUL | E5: ='MARZO 2026'!E8 -> 52020
B6: MONTO ADICIONAL | E6: 0
B7: MONTO A RENDIR | E7: =SUM(E4:E6) -> 146490
B8: RENDIDO | E8: =+G26 -> 114140 | G8: SALDO AL CIERRE | H8: =E7-E8 -> 32350
A10: N° | B10: Fecha | C10: Tipo Documento (boleta venta-boleta honorarios-factura) | D10: N° documento | E10: RUT Titular del documento | F10: Detalle | G10: Total | H10: Código Imputacion (RSM) 150
A11: 1 | B11: 46107 | C11: BOLETA VENTA | D11: 58031994 | E11: 80.478.200-1 | F11: CINTA DE EMBALAJE | G11: 7980
A12: 2 | B12: 46111 | C12: BOLETA HONORARIOS | D12: 5755 | E12: 8.992.058-2 | F12: LIMPEZA DE VIDRIOS | G12: 15000
A13: 3 | B13: 46120 | C13: BOLETA VENTA | D13: 122442604080026 | E13: 77.960.762-3 | F13: ARTICULOS DE LIMPIEZA | G13: 6600
A14: 4 | B14: 38820 | C14: BOELTA VENTA | D14: 58327433 | E14: 80.4782.00-1 | F14: CINTA DE EMBALAJE | G14: 3590
A15: 5 | B15: 46132 | C15: BOLETA VENTA | D15: 24282 | E15: 77.871.211-3 | F15: RECARGA DE AGUA | G15: 10500
A16: 6 | B16: 46133 | C16: BOLETA VENTA | D16: 122452604210281 | E16: 77.960.762-3 | F16: ARTICULO DE LIMPIEZA | G16: 3800
A17: 7 | B17: 46133 | C17: BLETA VENTA | D17: 82746658 | E17: 96.792.430-K | F17: AGUARRAS PARA LIMPIEZA DE PISO | G17: 1690
A18: 8 | B18: 46133 | C18: BOLETA VENTA | D18: 74279483 | E18: 76.322.590-9 | F18: ESCALERA PARA BODEGA | G18: 29990
A19: 9 | B19: 46134 | C19: BOLETA VEBTA | D19: 2556237141 | E19: 76.134.941-4 | F19: MUEBLE BODEGA | G19: 34990
A20: 10
A21: 11
A22: 12
A23: 13
A24: 14
A25: 15
G26: =SUM(G11:G25) -> 114140
B27: TOTALES

Sheet MAYO 2026
C1: RENDICION CAJA CHICA
C2: TREBOL
G3: MES | H3: MAYO
B4: SALDO ANTERIOR | E4: =+'ABRIL 2026'!H8 -> 32350
B5: DEPÓSITO RAUL
B6: MONTO ADICIONAL | E6: 0
B7: MONTO A RENDIR | E7: =SUM(E4:E6) -> 32350
B8: RENDIDO | E8: =+G26 -> 0 | G8: SALDO AL CIERRE | H8: =E7-E8 -> 32350
A10: N° | B10: Fecha | C10: Tipo Documento (boleta venta-boleta honorarios-factura) | D10: N° documento | E10: RUT Titular del documento | F10: Detalle | G10: Total | H10: Código Imputacion (RSM) 150
A11: 1
A12: 2
A13: 3
A14: 4
A15: 5
A16: 6
A17: 7
A18: 8
A19: 9
A20: 10
A21: 11
A22: 12
... A25: 15
G26: =SUM(G11:G25) -> 0
B27: TOTALES

Sheet JUNIO 2026
C1: RENDICION CAJA CHICA
C2: TREBOL
G3: MES | H3: JUNIO
B4: SALDO ANTERIOR | E4: =+'MAYO 2026'!H8 -> 32350
B5: DEPÓSITO RAUL
B6: MONTO ADICIONAL | E6: 0
B7: MONTO A RENDIR | E7: =SUM(E4:E6) -> 32350
B8: RENDIDO | E8: =+G26 -> 0 | G8: SALDO AL CIERRE | H8: =E7-E8 -> 32350
A10: N° | B10: Fecha | C10: Tipo Documento (boleta venta-boleta honorarios-factura) | D10: N° documento | E10: RUT Titular del documento | F10: Detalle | G10: Total | H10: Código Imputacion (RSM) 150
A11: 1
A12: 2
A13: 3
A14: 4
A15: 5
A16: 6
A17: 7
A18: 8
A19: 9
A20: 10
A21: 11
A22: 12
... A25: 15
G26: =SUM(G11:G25) -> 0
B27: TOTALES
