Workbook

Sheet OCTUBRE
C1: RENDICION CAJA CHICA
C2: MallPlaza Norte
G3: MES | H3: OCTUBRE
B4: SALDO ANTERIOR | E4: 250000
B5: DEPÓSITO RENDICION ANTERIOR
B6: MONTO ADICIONAL | E6: 0
B7: MONTO A RENDIR | E7: =SUM(E4:E6) -> 250000
B8: RENDIDO | E8: =+G26 -> 335405 | G8: SALDO AL CIERRE | H8: =E7-E8 -> -85405
A10: N° | B10: Fecha | C10: Tipo Documento (boleta venta-boleta honorarios-factura) | D10: N° documento | E10: RUT Titular del documento | F10: Detalle | G10: Total | H10: Código Imputacion (RSM) 200
A11: 1 | B11: 45586 | C11: BOLETA | D11: 424063 | E11: 76457708-6 | F11: EXTENSION CABLE USB | G11: 3900
A12: 2 | B12: 45586 | C12: BOLETA | D12: 757213043 | E12: 96792430-K | F12: SOPORTE PC/ CINTA AISLDORA | G12: 27980
A13: 3 | B13: 45586 | C13: BOLETA | D13: 2277013759 | F13: BIDON AGUA Y VASOS | G13: 3880
A14: 4 | B14: 45586 | C14: BOLETA | D14: 73142614 | E14: 96811130-2 | F14: DESAYUNO BIENVENIDA | G14: 33190
A15: 5 | B15: 45587 | C15: BOLETA | D15: 2356240380 | F15: TORTA CUMPLEAÑOS LUIS | G15: 6495
A16: 6 | B16: 45587 | C16: BOLETA | D16: 77460 | E16: 76722559-K | F16: CABLE USB | G16: 4990
A17: 7 | B17: 45588 | C17: BOLETA | D17: 13887510 | E17: 83030600-5 | F17: ADAPTADOR PISTOLA | G17: 4990
A18: 8 | B18: 45589 | C18: BOLETA | D18: 757212058 | E18: 96792430-K | F18: ASPIRADORA | G18: 109990
A19: 9 | B19: 45589 | C19: BOLETA | D19: 13885599 | E19: 83030600-K | F19: MINICOMPONENTE AUDIO | G19: 119990
A20: 10 | B20: 45590 | C20: BOLETA | D20: 2591301 | F20: VIAJE JONA | G20: 20000
A21: 11
A22: 12
A23: 13
A24: 14
A25: 15
B26: TOTALES | G26: =SUM(G11:G25) -> 335405

Sheet NOVIEMBRE
C1: RENDICION CAJA CHICA
C2: MallPlaza Norte
G3: MES | H3: NOVIEMBRE
B4: SALDO ANTERIOR | E4: =+OCTUBRE!H8 -> -85405
B5: DEPÓSITO RENDICION ANTERIOR | E5: 181505
B6: MONTO ADICIONAL | E6: 0
B7: MONTO A RENDIR | E7: =SUM(E4:E6) -> 96100
B8: RENDIDO | E8: =+G26 -> 126020 | G8: SALDO AL CIERRE | H8: =E7-E8 -> -29920
A10: N° | B10: Fecha | C10: Tipo Documento (boleta venta-boleta honorarios-factura) | D10: N° documento | E10: RUT Titular del documento | F10: Detalle | G10: Total | H10: Código Imputacion (RSM) 200
A11: 1 | B11: 45601 | C11: BOLETA | D11: OC017366 | E11: 77093957-7 | F11: BIDONES DE AGUA Y BOMBA | G11: 29000
A12: 2 | B12: 45602 | C12: BOLETA | D12: 759284949 | E12: 96792430-K | F12: CAJAS OGANIZADORA | G12: 7980
A13: 3 | B13: 45604 | C13: BOLETA | D13: 2277016277 | F13: PERFORADORA | G13: 6390
A14: 4 | B14: 45604 | C14: BOLETA | D14: 760187559 | E14: 96792430-K | F14: CAJERO | G14: 10490
A15: 5 | B15: 45604 | C15: BOLETA | D15: 2356138687 | F15: ESPUMANTE EVENTO INAUGURACION | G15: 13180
A16: 6 | B16: 45608 | C16: BOLETA | D16: 759775922 | E16: 96792430-K | F16: JUEGO DE HERRAMIENTAS | G16: 10990
A17: 7 | B17: 45610 | C17: BOLETA | D17: 842925242 | E17: 77261280-K | F17: JEANS LU | G17: 29990
A18: 8 | B18: 45616 | C18: BOLETA | D18: 6873 | E18: 10172852-8 | F18: LIMPIEZA VITRINA | G18: 18000
A19: 9
A20: 10
A21: 11
A22: 12
A23: 13
A24: 14
A25: 15
B26: TOTALES | G26: =SUM(G11:G25) -> 126020

Sheet DICIEMBRE
C1: RENDICION CAJA CHICA
C2: MallPlaza Norte
G3: MES | H3: DICIEMBRE
B4: SALDO ANTERIOR | E4: =+NOVIEMBRE!H8 -> -29920
B5: DEPÓSITO RENDICION ANTERIOR | E5: 126020
B6: MONTO ADICIONAL | E6: 0
B7: MONTO A RENDIR | E7: =SUM(E4:E6) -> 96100
B8: RENDIDO | E8: =+G26 -> 74710 | G8: SALDO AL CIERRE | H8: =E7-E8 -> 21390
A10: N° | B10: Fecha | C10: Tipo Documento (boleta venta-boleta honorarios-factura) | D10: N° documento | E10: RUT Titular del documento | F10: Detalle | G10: Total | H10: Código Imputacion (RSM) 200
A11: 1 | B11: 45625 | C11: BOLETA | D11: 761782847 | E11: 96.792.430-K | F11: ESCALERA PEQUEÑA Y COLGADORES | G11: 37970
A12: 2 | B12: 45624 | C12: BOLETA | D12: 153550 | F12: CHIP ENTEL | G12: 3000
A13: 3 | B13: 45634 | C13: BOLETA | D13: 2351942837 | F13: NOVA Y BOLSAS BASURA | G13: 4670
A14: 4 | B14: 45640 | C14: BOLETA | D14: 63952458 | E14: 76.322.590-9 | F14: CINTAS REGALO | G14: 5080
A15: 5 | B15: 45643 | C15: BOLETA | D15: 15139549 | E15: 92.642.000-3 | F15: PAPEL IMPRESORA | G15: 5990
A16: 6 | B16: 45644 | C16: BOLETA | D16: 6893 | E16: 10.172.852-8 | F16: LIMPIEZA VIDRIOS | G16: 18000
A17: 7
A18: 8
A19: 9
A20: 10
A21: 11
A22: 12
A23: 13
A24: 14
A25: 15
B26: TOTALES | G26: =SUM(G11:G25) -> 74710

Sheet ENERO
C1: RENDICION CAJA CHICA
C2: MallPlaza Norte
G3: MES | H3: DICIEMBRE
B4: SALDO ANTERIOR | E4: =+DICIEMBRE!H8 -> 21390
B5: DEPÓSITO RENDICION ANTERIOR | E5: 74710
B6: MONTO ADICIONAL | E6: 0
B7: MONTO A RENDIR | E7: =SUM(E4:E6) -> 96100
B8: RENDIDO | E8: =+G26 -> 56427 | G8: SALDO AL CIERRE | H8: =E7-E8 -> 39673
A10: N° | B10: Fecha | C10: Tipo Documento (boleta venta-boleta honorarios-factura) | D10: N° documento | E10: RUT Titular del documento | F10: Detalle | G10: Total | H10: Código Imputacion (RSM) 200
A11: 1 | B11: 45667 | C11: BOLETA | D11: 161892081 | F11: DESAYUNO RECEPCION MERCADERIA | G11: 3950
A12: 2 | B12: 45667 | C12: BOLETA | D12: 161892082 | F12: DESAYUNO RECEPCION MERCADERIA | G12: 1990
A13: 3 | B13: 45667 | C13: BOLETA | F13: UBER NOCHE | G13: 6597
A14: 4 | B14: 45668 | C14: BOLETA | D14: 234850 | F14: COPIA CONTROL | G14: 20000
A15: 5 | B15: 45680 | C15: BOLETA | D15: 909867 | F15: ATRIL | G15: 12900
A16: 6 | B16: 45665 | C16: BOLETA | D16: 19412 | F16: BIDONES AGUA | G16: 7000
A17: 7 | B17: 45687 | C17: BOLETA | D17: 775336167 | F17: PERFORADORA CINTURON | G17: 3990
A18: 8
A19: 9
A20: 10
A21: 11
A22: 12
A23: 13
A24: 14
A25: 15
B26: TOTALES | G26: =SUM(G11:G25) -> 56427

Sheet FEBRERO
C1: RENDICION CAJA CHICA
C2: MallPlaza Norte
G3: MES | H3: DICIEMBRE
B4: SALDO ANTERIOR | E4: =+ENERO!H8 -> 39673
B5: DEPÓSITO RENDICION ANTERIOR | E5: 56427
B6: MONTO ADICIONAL | E6: 0
B7: MONTO A RENDIR | E7: =SUM(E4:E6) -> 96100
B8: RENDIDO | E8: =+G26 -> 73377 | G8: SALDO AL CIERRE | H8: =E7-E8 -> 22723
A10: N° | B10: Fecha | C10: Tipo Documento (boleta venta-boleta honorarios-factura) | D10: N° documento | E10: RUT Titular del documento | F10: Detalle | G10: Total | H10: Código Imputacion (RSM) 200
A11: 1 | B11: 45694 | C11: BOLETA | F11: UBER DE BODEGA | G11: 11774
A12: 2 | B12: 45699 | C12: BOLETA | D12: 19823 | F12: BIDEONES DE AGUA | G12: 7000
A13: 3 | B13: 45707 | C13: BOLETA | F13: UBER A NORTE | G13: 8187
A14: 4 | B14: 45707 | C14: BOLETA | F14: UBER A OESTE | G14: 10991
A15: 5 | B15: 45708 | C15: BOLETA | F15: UBER A VESPUCIO | G15: 17425
A16: 6 | B16: 45713 | C16: BOLETA | D16: 2680 | F16: LIMPIEZA VIDRIOS | G16: 18000
A17: 7
A18: 8
A19: 9
A20: 10
A21: 11
A22: 12
A23: 13
A24: 14
A25: 15
B26: TOTALES | G26: =SUM(G11:G25) -> 73377

Sheet MARZO
C1: RENDICION CAJA CHICA
C2: MallPlaza Norte
G3: MES | H3: MARZO
B4: SALDO ANTERIOR | E4: =+FEBRERO!H8 -> 22723
B5: DEPÓSITO RENDICION ANTERIOR | E5: 73377
B6: MONTO ADICIONAL | E6: 0
B7: MONTO A RENDIR | E7: =SUM(E4:E6) -> 96100
B8: RENDIDO | E8: =+G26 -> 62459 | G8: SALDO AL CIERRE | H8: =E7-E8 -> 33641
A10: N° | B10: Fecha | C10: Tipo Documento (boleta venta-boleta honorarios-factura) | D10: N° documento | E10: RUT Titular del documento | F10: Detalle | G10: Total | H10: Código Imputacion (RSM) 200
A11: 1 | B11: 45723 | F11: TRASLADO GAEL | G11: 3000
A12: 2 | B12: 45724 | C12: BOLETA | D12: 2362449973 | E12: 76134941-4 | F12: TORTA DIA DE LA MUJER | G12: 10990
A13: 3 | B13: 45742 | C13: BOLETA | D13: 2780 | E13: 21321577-9 | F13: LIMPIEZA VIDRIOS | G13: 18000
A14: 4 | B14: 45730 | C14: BOLETA | D14: 20219 | E14: 77093957-7 | F14: BIDONES AGUA | G14: 7000
A15: 5 | B15: 45743 | C15: BOLETA | F15: UBER REUNION | G15: 9699
A16: 6 | B16: 45745 | C16: BOLETA | D16: 23241667552 | E16: 76134941-4 | F16: CUMPLEAÑOS MAURICIO | G16: 13770
A17: 7
A18: 8
A19: 9
A20: 10
A21: 11
A22: 12
A23: 13
A24: 14
A25: 15
B26: TOTALES | G26: =SUM(G11:G25) -> 62459

Sheet ABRIL
C1: RENDICION CAJA CHICA
C2: MallPlaza Norte
G3: MES | H3: MARZO
B4: SALDO ANTERIOR | E4: =+MARZO!H8 -> 33641
B5: DEPÓSITO RENDICION ANTERIOR | E5: 62459
B6: MONTO ADICIONAL | E6: 0
B7: MONTO A RENDIR | E7: =SUM(E4:E6) -> 96100
B8: RENDIDO | E8: =+G26 -> 53374 | G8: SALDO AL CIERRE | H8: =E7-E8 -> 42726
A10: N° | B10: Fecha | C10: Tipo Documento (boleta venta-boleta honorarios-factura) | D10: N° documento | E10: RUT Titular del documento | F10: Detalle | G10: Total | H10: Código Imputacion (RSM) 200
A11: 1 | B11: 45755 | C11: BOLETA | D11: 20541 | E11: 77.093.957-7 | F11: BIDONES AGUA | G11: 7000
A12: 2 | B12: 45775 | C12: BOLETA | D12: 785652971 | E12: 96.792.430-K | F12: HERVIDOR Y LIJA | G12: 17380
A13: 3 | B13: 45776 | C13: BOLETA | D13: 167644031 | E13: 77.115.570-7 | F13: DESAYUNO POR MERCADERIA | G13: 8960
A14: 4 | B14: 45777 | C14: BOLETA | D14: 2886 | E14: 21.321.577-9 | F14: LIMPIEZA VIDRIOS | G14: 18000
A15: 5 | B15: 45777 | C15: BOLETA | D15: 785797857 | E15: 77.099.010-6 | F15: HERRAMIENTAS | G15: 2034
A16: 6
A17: 7
A18: 8
A19: 9
A20: 10
A21: 11
A22: 12
A23: 13
A24: 14
A25: 15
B26: TOTALES | G26: =SUM(G11:G25) -> 53374

Sheet MAYO
C1: RENDICION CAJA CHICA
C2: MallPlaza Norte
G3: MES | H3: MAYO
B4: SALDO ANTERIOR | E4: =+ABRIL!H8 -> 42726
B5: DEPÓSITO RENDICION ANTERIOR | E5: 53374
B6: MONTO ADICIONAL | E6: 0
B7: MONTO A RENDIR | E7: =SUM(E4:E6) -> 96100
B8: RENDIDO | E8: =+G26 -> 48978 | G8: SALDO AL CIERRE | H8: =E7-E8 -> 47122
A10: N° | B10: Fecha | C10: Tipo Documento (boleta venta-boleta honorarios-factura) | D10: N° documento | E10: RUT Titular del documento | F10: Detalle | G10: Total | H10: Código Imputacion (RSM) 200
A11: 1 | B11: 45782 | C11: BOLETA | D11: 20864 | E11: 77.093.957-7 | F11: BIDONES AGUA | G11: 7000
A12: 2 | B12: 45801 | C12: BOLETA | D12: 82171958 | E12: 96.811.130-2 | F12: DESAYUNO REUNION | G12: 16978
A13: 3 | B13: 45803 | C13: BOLETA | D13: 21096 | E13: 77.093.957-7 | F13: BIDONES AGUA | G13: 7000
A14: 4 | B14: 45805 | C14: BOLETA | D14: 2966 | E14: 21.321.577-9 | F14: LIMPIEZA VIDRIOS | G14: 18000
A15: 5
A16: 6
A17: 7
A18: 8
A19: 9
A20: 10
A21: 11
A22: 12
A23: 13
A24: 14
A25: 15
B26: TOTALES | G26: =SUM(G11:G25) -> 48978

Sheet JUNIO
C1: RENDICION CAJA CHICA
C2: MallPlaza Norte
G3: MES | H3: JUNIO
B4: SALDO ANTERIOR | E4: =+MAYO!H8 -> 47122
B5: DEPÓSITO RENDICION ANTERIOR | E5: 48978
B6: MONTO ADICIONAL | E6: 0
B7: MONTO A RENDIR | E7: =SUM(E4:E6) -> 96100
B8: RENDIDO | E8: =+G26 -> 39032 | G8: SALDO AL CIERRE | H8: =E7-E8 -> 57068
A10: N° | B10: Fecha | C10: Tipo Documento (boleta venta-boleta honorarios-factura) | D10: N° documento | E10: RUT Titular del documento | F10: Detalle | G10: Total | H10: Código Imputacion (RSM) 200
A11: 1 | B11: 45822 | C11: BOLETA | D11: 21315 | E11: 77.093.957-7 | F11: BIDONES DE AGUA | G11: 7000
A12: 2 | B12: 45825 | C12: BOLETA | D12: 85627454 | E12: 96.811.130-2 | F12: DESAYUNO BIENVENIDA YARITZA | G12: 7032
A13: 3 | B13: 45833 | C13: BOLETA | D13: 3011 | E13: 21.321.577-9 | F13: LIMPIEZA VIDRIOS | G13: 18000
A14: 4
A15: 5 | B15: 45838 | C15: BOLETA | D15: 21467 | E15: 77.093.957-7 | F15: BIDONES DE AGUA | G15: 7000
A16: 6
A17: 7
A18: 8
A19: 9
A20: 10
A21: 11
A22: 12
A23: 13
A24: 14
A25: 15
B26: TOTALES | G26: =SUM(G11:G25) -> 39032

Sheet JULIO
C1: RENDICION CAJA CHICA
C2: MallPlaza Norte
G3: MES | H3: JULIO
B4: SALDO ANTERIOR | E4: =+JUNIO!H8 -> 57068
B5: DEPÓSITO RENDICION ANTERIOR | E5: 39032
B6: MONTO ADICIONAL | E6: 0
B7: MONTO A RENDIR | E7: =SUM(E4:E6) -> 96100
B8: RENDIDO | E8: =+G26 -> 92970 | G8: SALDO AL CIERRE | H8: =E7-E8 -> 3130
A10: N° | B10: Fecha | C10: Tipo Documento (boleta venta-boleta honorarios-factura) | D10: N° documento | E10: RUT Titular del documento | F10: Detalle | G10: Total | H10: Código Imputacion (RSM) 200
A11: 1 | B11: 45852 | C11: BOLETA | D11: 20219 | E11: 77.093.957-7 | F11: BIDONES DE AGUA | G11: 7000
A12: 2 | B12: 45847 | C12: BOLETA | D12: 5300916 | E12: 77.261.280-k | F12: PANTALONES YARITZA | G12: 49980
A13: 3 | B13: 45860 | C13: BOLETA | D13: 14862173 | E13: 83.030.600-5 | F13: FUENTE DE PODER (ESTEBAN) | G13: 17990
A14: 4 | B14: 45868 | C14: BOLETA | D14: 3119 | E14: 21.321.577-9 | F14: LIMPIEZA VIDRIOS | G14: 18000
A15: 5
A16: 6
A17: 7
A18: 8
A19: 9
A20: 10
A21: 11
A22: 12
A23: 13
A24: 14
A25: 15
B26: TOTALES | G26: =SUM(G11:G25) -> 92970

Sheet AGOSTO
C1: RENDICION CAJA CHICA
C2: MallPlaza Norte
G3: MES | H3: AGOSTO
B4: SALDO ANTERIOR | E4: =+JULIO!H8 -> 3130
B5: DEPÓSITO RENDICION ANTERIOR | E5: 92970
B6: MONTO ADICIONAL | E6: 0
B7: MONTO A RENDIR | E7: =SUM(E4:E6) -> 96100
B8: RENDIDO | E8: =+G26 -> 25000 | G8: SALDO AL CIERRE | H8: =E7-E8 -> 71100
A10: N° | B10: Fecha | C10: Tipo Documento (boleta venta-boleta honorarios-factura) | D10: N° documento | E10: RUT Titular del documento | F10: Detalle | G10: Total | H10: Código Imputacion (RSM) 200
A11: 1 | B11: 45880 | C11: BOLETA | D11: 21912 | E11: 77.093.957-7 | F11: BIDONES AGUA | G11: 7000
A12: 2 | B12: 45896 | C12: BOLETA | D12: 3188 | E12: 21321577-9 | F12: LIMPIEZA VIDRIOS | G12: 18000
A13: 3
A14: 4
A15: 5
A16: 6
A17: 7
A18: 8
A19: 9
A20: 10
A21: 11
A22: 12
A23: 13
A24: 14
A25: 15
B26: TOTALES | G26: =SUM(G11:G25) -> 25000

Sheet SEPTIEMBRE
C1: RENDICION CAJA CHICA
C2: MallPlaza Norte
G3: MES | H3: SEPTIEMBRE
B4: SALDO ANTERIOR | E4: =+AGOSTO!H8 -> 71100
B5: DEPÓSITO RENDICION ANTERIOR | E5: 25000
B6: MONTO ADICIONAL | E6: 0
B7: MONTO A RENDIR | E7: =SUM(E4:E6) -> 96100
B8: RENDIDO | E8: =+G26 -> 77431 | G8: SALDO AL CIERRE | H8: =E7-E8 -> 18669
A10: N° | B10: Fecha | C10: Tipo Documento (boleta venta-boleta honorarios-factura) | D10: N° documento | E10: RUT Titular del documento | F10: Detalle | G10: Total | H10: Código Imputacion (RSM) 200
A11: 1 | B11: 45897 | C11: BOLETA | D11: 22083 | E11: 77.093.957-7 | F11: BIDONES AGUA | G11: 7000
A12: 2 | B12: 45900 | C12: BOLETA | D12: 42236664 | E12: 76.076.630-5 | F12: PILAS TECLADO | G12: 6490
A13: 3 | B13: 45905 | C13: BOLETA | D13: 26128 | E13: 93.640.000-0 | F13: AGUJA PISTOLA ETIQUETADORA | G13: 5212
A14: 4 | B14: 45910 | C14: BOLETA | D14: 22261 | E14: 77.093.957-7 | F14: BIDONES AGUA | G14: 7000
A15: 5 | B15: 45915 | C15: BOLETA | D15: 15932934 | E15: 78.885.550-8 | F15: PENDRIVE TELEVISION | G15: 7490
A16: 6 | B16: 45917 | C16: BOLETA | D16: 2448365749 | E16: 76.134.941-4 | F16: ASADO 18 | G16: 26239
A17: 7 | B17: 45924 | C17: BOLETA | D17: 3321 | E17: 21.321.577-7 | F17: LIMPIEZA VIDRIOS | G17: 18000
A18: 8
A19: 9
A20: 10
A21: 11
A22: 12
A23: 13
A24: 14
A25: 15
B26: TOTALES | G26: =SUM(G11:G25) -> 77431

Sheet OCTUBRE25
C1: RENDICION CAJA CHICA
C2: MallPlaza Norte
G3: MES | H3: OCTUBRE
B4: SALDO ANTERIOR | E4: =+SEPTIEMBRE!H8 -> 18669
B5: DEPÓSITO RENDICION ANTERIOR | E5: 77431
B6: MONTO ADICIONAL | E6: 0
B7: MONTO A RENDIR | E7: =SUM(E4:E6) -> 96100
B8: RENDIDO | E8: =+G26 -> 32000 | G8: SALDO AL CIERRE | H8: =E7-E8 -> 64100
A10: N° | B10: Fecha | C10: Tipo Documento (boleta venta-boleta honorarios-factura) | D10: N° documento | E10: RUT Titular del documento | F10: Detalle | G10: Total | H10: Código Imputacion (RSM) 200
A11: 1 | B11: 45931 | C11: BOLETA | D11: 22446 | E11: 77.093.957-7 | F11: BIDEONES AGUA | G11: 7000
A12: 2 | B12: 45948 | C12: BOLETA | D12: 22668 | E12: 77.093.957-7 | F12: BIDEONES AGUA | G12: 7000
A13: 3 | B13: 45959 | C13: BOLETA | D13: 3391 | E13: 21.321.577-9 | F13: LIMPIEZA VIDRIOS | G13: 18000
A14: 4
A15: 5
A16: 6
A17: 7
A18: 8
A19: 9
A20: 10
A21: 11
A22: 12
A23: 13
A24: 14
A25: 15
B26: TOTALES | G26: =SUM(G11:G25) -> 32000

Sheet NOVIEMBRE25
C1: RENDICION CAJA CHICA
C2: MallPlaza Norte
G3: MES | H3: NOVIEMBRE
B4: SALDO ANTERIOR | E4: =+OCTUBRE25!H8 -> 64100
B5: DEPÓSITO RENDICION ANTERIOR | E5: 32000
B6: MONTO ADICIONAL | E6: 0
B7: MONTO A RENDIR | E7: =SUM(E4:E6) -> 96100
B8: RENDIDO | E8: =+G26 -> 78485 | G8: SALDO AL CIERRE | H8: =E7-E8 -> 17615
A10: N° | B10: Fecha | C10: Tipo Documento (boleta venta-boleta honorarios-factura) | D10: N° documento | E10: RUT Titular del documento | F10: Detalle | G10: Total | H10: Código Imputacion (RSM) 200
A11: 1 | B11: 45964 | C11: BOLETA | D11: 22815 | E11: 77.093.957-7 | F11: BIDONES AGUA | G11: 7000
A12: 2 | B12: 45975 | C12: BOLETA | D12: 7972 | E12: 77.322.070-0 | F12: CAMBIO EXTINTORES | G12: 64485
A13: 3 | B13: 45979 | C13: BOLETA | D13: 22994 | E13: 77.093.957-7 | F13: BIDONES AGUA | G13: 7000
A14: 4
A15: 5
A16: 6
A17: 7
A18: 8
A19: 9
A20: 10
A21: 11
A22: 12
A23: 13
A24: 14
A25: 15
B26: TOTALES | G26: =SUM(G11:G25) -> 78485

Sheet DICIEMBRE25
C1: RENDICION CAJA CHICA
C2: MallPlaza Norte
G3: MES | H3: NOVIEMBRE
B4: SALDO ANTERIOR | E4: =+NOVIEMBRE25!H8 -> 17615
B5: DEPÓSITO RENDICION ANTERIOR | E5: 78485
B6: MONTO ADICIONAL | E6: 0
B7: MONTO A RENDIR | E7: =SUM(E4:E6) -> 96100
B8: RENDIDO | E8: =+G26 -> 74701 | G8: SALDO AL CIERRE | H8: =E7-E8 -> 21399
A10: N° | B10: Fecha | C10: Tipo Documento (boleta venta-boleta honorarios-factura) | D10: N° documento | E10: RUT Titular del documento | F10: Detalle | G10: Total | H10: Código Imputacion (RSM) 200
A11: 1 | B11: 45987 | C11: BOLETA | D11: 3465 | E11: 21.321.577-9 | F11: LIMPIEZA VIDRIOS | G11: 18000
A12: 2 | B12: 45993 | C12: FACTURA | D12: 5482703 | E12: 77.261.280-K | F12: PANTALONES PEDRO | G12: 29990
A13: 3 | B13: 46002 | C13: BOLETA | D13: 23243 | E13: 77.093.957-7 | F13: BIDONES AGUA | G13: 7000
A14: 4 | B14: 46007 | C14: BOLETA | D14: 71028883 | E14: 76.322.590-9 | F14: CINTAS DE REGALO | G14: 5980
A15: 5 | B15: 46010 | C15: BOLETA | D15: 20251226 | E15: 77.209.443-4 | F15: VIAJE UBER REPOSICION NOCHE | G15: 13731
A16: 6
A17: 7
A18: 8
A19: 9
A20: 10
A21: 11
A22: 12
A23: 13
A24: 14
A25: 15
B26: TOTALES | G26: =SUM(G11:G25) -> 74701

Sheet ENERO26
C1: RENDICION CAJA CHICA
C2: MallPlaza Norte
G3: MES | H3: ENERO
B4: SALDO ANTERIOR | E4: =+DICIEMBRE25!H8 -> 21399
B5: DEPÓSITO RENDICION ANTERIOR | E5: 74701
B6: MONTO ADICIONAL | E6: 0
B7: MONTO A RENDIR | E7: =SUM(E4:E6) -> 96100
B8: RENDIDO | E8: =+G26 -> 48980 | G8: SALDO AL CIERRE | H8: =E7-E8 -> 47120
A10: N° | B10: Fecha | C10: Tipo Documento (boleta venta-boleta honorarios-factura) | D10: N° documento | E10: RUT Titular del documento | F10: Detalle | G10: Total | H10: Código Imputacion (RSM) 200
A11: 1 | B11: 46015 | C11: BOLETA | D11: 3553 | E11: 21.321.577-9 | F11: LIMPIEZA VIDRIOS | G11: 20000
A12: 2 | B12: 46029 | C12: BOLETA | D12: 23510 | E12: 77.093.957-7 | F12: BIDEONES AGUA | G12: 7000
A13: 3 | B13: 46042 | C13: FACTURA | D13: 2226374 | E13: 83.382.700-6 | F13: PANTALONES LILY | G13: 21980
A14: 4
A15: 5
A16: 6
A17: 7
A18: 8
A19: 9
A20: 10
A21: 11
A22: 12
A23: 13
A24: 14
A25: 15
B26: TOTALES | G26: =SUM(G11:G25) -> 48980

Sheet FEBRERO26
C1: RENDICION CAJA CHICA
C2: MallPlaza Norte
G3: MES | H3: FEBRERO
B4: SALDO ANTERIOR | E4: =+ENERO26!H8 -> 47120
B5: DEPÓSITO RENDICION ANTERIOR | E5: 48980
B6: MONTO ADICIONAL | E6: 0
B7: MONTO A RENDIR | E7: =SUM(E4:E6) -> 96100
B8: RENDIDO | E8: =+G26 -> 55990 | G8: SALDO AL CIERRE | H8: =E7-E8 -> 40110
A10: N° | B10: Fecha | C10: Tipo Documento (boleta venta-boleta honorarios-factura) | D10: N° documento | E10: RUT Titular del documento | F10: Detalle | G10: Total | H10: Código Imputacion (RSM) 200
A11: 1 | B11: 46050 | C11: BOLETA | D11: 3654 | E11: 21.321.577-9 | F11: LIMPIEZA VIDRIOS | G11: 20000
A12: 2 | B12: 46050 | C12: BOLETA | D12: 23769 | E12: 77.093.957-7 | F12: BIDONES AGUA | G12: 7000
A13: 3 | B13: 46063 | C13: BOLETA | D13: 17249846 | E13: 92.642.000-3 | F13: CINTA DE EMBALAJE | G13: 1990
A14: 4 | B14: 46069 | C14: BOLETA | D14: 23948 | E14: 77.093.957-7 | F14: BIDONES AGUA | G14: 7000
A15: 5 | B15: 46071 | C15: BOLETA | D15: 3728 | E15: 21.321.577-9 | F15: LIMPIEZA VIDRIOS | G15: 20000
A16: 6
A17: 7
A18: 8
A19: 9
A20: 10
A21: 11
A22: 12
A23: 13
A24: 14
A25: 15
B26: TOTALES | G26: =SUM(G11:G25) -> 55990

Sheet MARZO26
C1: RENDICION CAJA CHICA
C2: MallPlaza Norte
G3: MES | H3: MARZO
B4: SALDO ANTERIOR | E4: =+FEBRERO26!H8 -> 40110
B5: DEPÓSITO RENDICION ANTERIOR | E5: 55990
B6: MONTO ADICIONAL | E6: 0
B7: MONTO A RENDIR | E7: =SUM(E4:E6) -> 96100
B8: RENDIDO | E8: =+G26 -> 28990 | G8: SALDO AL CIERRE | H8: =E7-E8 -> 67110
A10: N° | B10: Fecha | C10: Tipo Documento (boleta venta-boleta honorarios-factura) | D10: N° documento | E10: RUT Titular del documento | F10: Detalle | G10: Total | H10: Código Imputacion (RSM) 200
A11: 1 | B11: 46080 | C11: BOLETA | D11: 17349197 | E11: 92.642.000-3 | F11: CINTA DE EMBALAJE | G11: 1990
A12: 2 | B12: 46097 | C12: BOLETA | D12: 24233 | E12: 77.093.957-7 | F12: BIDONES DE AGUA | G12: 7000
A13: 3 | B13: 46106 | C13: BOLETA | D13: 3833 | E13: 21.321.577-9 | F13: LIMPIEZA VIDRIOS | G13: 20000
A14: 4
A15: 5
A16: 6
A17: 7
A18: 8
A19: 9
A20: 10
A21: 11
A22: 12
A23: 13
A24: 14
A25: 15
B26: TOTALES | G26: =SUM(G11:G25) -> 28990

Sheet ABRIL26
C1: RENDICION CAJA CHICA
C2: MallPlaza Norte
G3: MES | H3: ABRIL
B4: SALDO ANTERIOR | E4: =+MARZO26!H8 -> 67110
B5: DEPÓSITO RENDICION ANTERIOR | E5: 28990
B6: MONTO ADICIONAL | E6: 0
B7: MONTO A RENDIR | E7: =SUM(E4:E6) -> 96100
B8: RENDIDO | E8: =+G26 -> 59980 | G8: SALDO AL CIERRE | H8: =E7-E8 -> 36120
A10: N° | B10: Fecha | C10: Tipo Documento (boleta venta-boleta honorarios-factura) | D10: N° documento | E10: RUT Titular del documento | F10: Detalle | G10: Total | H10: Código Imputacion (RSM) 200
A11: 1 | B11: 46118 | C11: BOLETA | D11: 24437 | E11: 77.093.957-7 | F11: BIDONES AGUA | G11: 7000
A12: 2 | B12: 46132 | C12: BOLETA | D12: 24585 | E12: 77.093.957-7 | F12: BIDONES AGUA | G12: 7000
A13: 3 | B13: 46133 | C13: BOLETA | D13: 42293 | E13: 77531555-5 | F13: LIMPIADOR DE TEXTIL(SILLONES) | G13: 25980
A14: 4 | B14: 46141 | C14: BOLETA | D14: 3890 | E14: 21321577-9 | F14: LIMPIEZA VIDRIOS | G14: 20000
A15: 5
A16: 6
A17: 7
A18: 8
A19: 9
A20: 10
A21: 11
A22: 12
A23: 13
A24: 14
A25: 15
B26: TOTALES | G26: =SUM(G11:G25) -> 59980
