Workbook

Sheet ago
C1: RENDICION CAJA CHICA
C2: ESTADO
G3: MES | H3: AGOSTO
B4: SALDO ANTERIOR | E4: -25850
B5: DEPÓSITO RENDICION ANTERIOR | E5: 78570
B6: MONTO ADICIONAL | E6: 0
B7: MONTO A RENDIR | E7: =SUM(E4:E6) -> 52720
B8: RENDIDO | E8: =+G26 -> 29180 | G8: SALDO AL CIERRE | H8: =E7-E8 -> 23540
A10: N° | B10: Fecha | C10: Tipo Documento (boleta venta-boleta honorarios-factura) | D10: N° documento | E10: RUT Titular del documento | F10: Detalle | G10: Total | H10: Código Imputacion (RSM) 190
A11: 1 | B11: 45864 | C11: Boleta | D11: 191 | F11: Agua | G11: 2500
A12: 2 | B12: 45866 | C12: Boleta | D12: 120188999414 | F12: Pilas control | G12: 7000
A13: 3 | B13: 45875 | C13: Factura | D13: 15 | F13: Mantecion cortina | G13: 14680
A14: 4 | B14: 45875 | C14: Boleta | D14: 701 | F14: Agua | G14: 2500
A15: 5 | B15: 45885 | C15: Boleta | D15: 763 | F15: Agua | G15: 2500
A16: 6
A17: 7
A18: 8
A19: 9
A20: 10
A21: 11
A22: 12
A23: 13
A24: 14
A25: 15
B26: TOTALES | G26: =SUM(G11:G25) -> 29180

Sheet sep
C1: RENDICION CAJA CHICA
C2: ESTADO
G3: MES | H3: SEPTIEMBRE
B4: SALDO ANTERIOR | E4: =+ago!H8 -> 23540
B5: DEPÓSITO RENDICION ANTERIOR | E5: 29180
B6: MONTO ADICIONAL | E6: 0
B7: MONTO A RENDIR | E7: =SUM(E4:E6) -> 52720
B8: RENDIDO | E8: =+G26 -> 34730 | G8: SALDO AL CIERRE | H8: =E7-E8 -> 17990
A10: N° | B10: Fecha | C10: Tipo Documento (boleta venta-boleta honorarios-factura) | D10: N° documento | E10: RUT Titular del documento | F10: Detalle | G10: Total | H10: Código Imputacion (RSM) 190
A11: 1 | B11: 45919 | C11: BOLETA | D11: 380 | F11: AGUA | G11: 5000
A12: 2 | B12: 45917 | C12: BOLETA | D12: 1664950 | F12: Desayuno equipo | G12: 12000
A13: 3 | B13: 45907 | C13: BOLETA | D13: 177291812 | F13: Desayuno equipo | G13: 12730
A14: 4 | B14: 45923 | C14: BOLETA | D14: 394 | F14: AGUA | G14: 5000
A15: 5 | G15: .
A16: 6
A17: 7
A18: 8
A19: 9
A20: 10
A21: 11
A22: 12
A23: 13
A24: 14
A25: 15
B26: TOTALES | G26: =SUM(G11:G25) -> 34730

Sheet oct
C1: RENDICION CAJA CHICA
C2: ESTADO
G3: MES | H3: octubre
B4: SALDO ANTERIOR | E4: =+sep!H8 -> 17990
B5: DEPÓSITO RENDICION ANTERIOR | E5: 34730
B6: MONTO ADICIONAL | E6: 0
B7: MONTO A RENDIR | E7: =SUM(E4:E6) -> 52720
B8: RENDIDO | E8: =+G26 -> 65240 | G8: SALDO AL CIERRE | H8: =E7-E8 -> -12520
A10: N° | B10: Fecha | C10: Tipo Documento (boleta venta-boleta honorarios-factura) | D10: N° documento | E10: RUT Titular del documento | F10: Detalle | G10: Total | H10: Código Imputacion (RSM) 190
A11: 1 | B11: 45929 | C11: FACTURA | D11: 1323 | F11: LIMPIEZA DE FACHADAS | G11: 50000
A12: 2 | B12: 45933 | C12: BOLETA | D12: 221 | F12: AGUA | G12: 2500
A13: 3 | B13: 45951 | C13: BOLETA | D13: 61664 | F13: ALCOHOL | G13: 2750
A14: 4 | B14: 45953 | C14: BOLETA | D14: 230892 | F14: CORDEL PLASTICO | G14: 9990
A15: 5 | G15: .
A16: 6
A17: 7
A18: 8
A19: 9
A20: 10
A21: 11
A22: 12
A23: 13
A24: 14
A25: 15
B26: TOTALES | G26: =SUM(G11:G25) -> 65240

Sheet nov
C1: RENDICION CAJA CHICA
C2: ESTADO
G3: MES | H3: noviembre
B4: SALDO ANTERIOR | E4: =+oct!H8 -> -12520
B5: DEPÓSITO RENDICION ANTERIOR | E5: 65240
B6: MONTO ADICIONAL | E6: 0
B7: MONTO A RENDIR | E7: =SUM(E4:E6) -> 52720
B8: RENDIDO | E8: =+G25 -> 22990 | G8: SALDO AL CIERRE | H8: =E7-E8 -> 29730
A10: N° | B10: Fecha | C10: Tipo Documento (boleta venta-boleta honorarios-factura) | D10: N° documento | E10: RUT Titular del documento | F10: Detalle | G10: Total | H10: Código Imputacion (RSM) 190
A11: 1 | B11: 45958 | C11: BOLETA | D11: 571 | F11: AGUA | G11: 5000
A12: 2 | B12: 45965 | C12: BOLETA | D12: 15223685 | F12: adaptador usb | G12: 12990
A13: 3 | B13: 45982 | C13: BOLETA | D13: 571 | F13: AGUA | G13: 5000
A14: 4 | G14: .
A15: 5
A16: 6
A17: 7
A18: 8
A19: 9
A20: 10
A21: 11
A22: 12
A23: 13
A24: 14
B25: TOTALES | G25: =SUM(G11:G24) -> 22990

Sheet dic
C1: RENDICION CAJA CHICA
C2: ESTADO
G3: MES | H3: diciembre
B4: SALDO ANTERIOR | E4: =+nov!H8 -> 29730
B5: DEPÓSITO RENDICION ANTERIOR | E5: 22990
B6: MONTO ADICIONAL | E6: 0
B7: MONTO A RENDIR | E7: =SUM(E4:E6) -> 52720
B8: RENDIDO | E8: =+G25 -> 28770 | G8: SALDO AL CIERRE | H8: =E7-E8 -> 23950
A10: N° | B10: Fecha | C10: Tipo Documento (boleta venta-boleta honorarios-factura) | D10: N° documento | E10: RUT Titular del documento | F10: Detalle | G10: Total | H10: Código Imputacion (RSM) 190
A11: 1 | B11: 45994 | C11: BOLETA | D11: 235466 | F11: articulos para tienda | G11: 3290
A12: 2 | B12: 45994 | C12: BOLETA | D12: 3896 | F12: mantencion de cortinas metalicas | G12: 20000
A13: 3 | B13: 46008 | C13: BOLETA | D13: 16912202 | F13: articulos para tienda | G13: 2980
A14: 4 | B14: 46009 | C14: BOLETA | D14: 137 | F14: AGUA | G14: 2500
A15: 5
A16: 6
A17: 7
A18: 8
A19: 9
A20: 10
A21: 11
A22: 12
A23: 13
A24: 14
B25: TOTALES | G25: =SUM(G11:G24) -> 28770

Sheet ENE 2026
C1: RENDICION CAJA CHICA
C2: ESTADO
G3: MES | H3: ENERO
B4: SALDO ANTERIOR | E4: =+dic!H8 -> 23950
B5: DEPÓSITO RENDICION ANTERIOR | E5: 28770
B6: MONTO ADICIONAL | E6: 0
B7: MONTO A RENDIR | E7: =SUM(E4:E6) -> 52720
B8: RENDIDO | E8: =+G25 -> 13150 | G8: SALDO AL CIERRE | H8: =E7-E8 -> 39570
A10: N° | B10: Fecha | C10: Tipo Documento (boleta venta-boleta honorarios-factura) | D10: N° documento | E10: RUT Titular del documento | F10: Detalle | G10: Total | H10: Código Imputacion (RSM) 190
A11: 1 | B11: 46021 | D11: 2003 | F11: AGUA | G11: 5000
A12: 2 | B12: 45659 | D12: 29924 | F12: articulos para tienda | G12: 8150
A13: 3
A14: 4
A15: 5
A16: 6
A17: 7
A18: 8
A19: 9
A20: 10
A21: 11
A22: 12
A23: 13
A24: 14
B25: TOTALES | G25: =SUM(G11:G24) -> 13150

Sheet FEB 2026
C1: RENDICION CAJA CHICA
C2: ESTADO
G3: MES | H3: FEBRERO
B4: SALDO ANTERIOR | E4: =+'ENE 2026'!H8 -> 39570
B5: DEPÓSITO RENDICION ANTERIOR | E5: 13150
B6: MONTO ADICIONAL | E6: 0
B7: MONTO A RENDIR | E7: =SUM(E4:E6) -> 52720
B8: RENDIDO | E8: =+G25 -> 36820 | G8: SALDO AL CIERRE | H8: =E7-E8 -> 15900
A10: N° | B10: Fecha | C10: Tipo Documento (boleta venta-boleta honorarios-factura) | D10: N° documento | E10: RUT Titular del documento | F10: Detalle | G10: Total | H10: Código Imputacion (RSM) 190
A11: 1 | B11: 46051 | C11: BOLETA | D11: 452 | F11: AGUA | G11: 5000
A12: 2 | B12: 46056 | C12: FACTURA | D12: 3912 | F12: MANTENCION CORTINA | G12: 19830
A13: 3 | B13: 46064 | C13: BOLETA | D13: 4372 | F13: adaptador | G13: 6990
A14: 4 | B14: 46073 | C14: BOLETA | D14: 455 | F14: AGUA | G14: 5000
A15: 5
A16: 6
A17: 7
A18: 8
A19: 9
A20: 10
A21: 11
A22: 12
A23: 13
A24: 14
B25: TOTALES | G25: =SUM(G11:G24) -> 36820

Sheet MAR 2026
C1: RENDICION CAJA CHICA
C2: ESTADO
G3: MES | H3: MARZO
B4: SALDO ANTERIOR | E4: =+'FEB 2026'!H8 -> 15900
B5: DEPÓSITO RENDICION ANTERIOR | E5: 36820
B6: MONTO ADICIONAL | E6: 0
B7: MONTO A RENDIR | E7: =SUM(E4:E6) -> 52720
B8: RENDIDO | E8: =+G25 -> 34470 | G8: SALDO AL CIERRE | H8: =E7-E8 -> 18250
A10: N° | B10: Fecha | C10: Tipo Documento (boleta venta-boleta honorarios-factura) | D10: N° documento | E10: RUT Titular del documento | F10: Detalle | G10: Total | H10: Código Imputacion (RSM) 190
A11: 1 | B11: 46099 | C11: BOLETA | F11: TRANSPORTE TRABAJO NOCTURNO | G11: 10300
A12: 2 | B12: 46099 | C12: BOLETA | D12: 165611 | F12: CENA TRABAJO NOCTURNO | G12: 7080
A13: 3 | B13: 46100 | C13: BOLETA | F13: TRANSPORTE TRABAJO NOCTURNO | G13: 8200
A14: 4 | B14: 46100 | C14: BOLETA | D14: 106780 | F14: CENA TRABAJO NOCTURNO | G14: 8890
A15: 5
A16: 6
A17: 7
A18: 8
A19: 9
A20: 10
A21: 11
A22: 12
A23: 13
A24: 14
B25: TOTALES | G25: =SUM(G11:G24) -> 34470

Sheet ABR 2026
C1: RENDICION CAJA CHICA
C2: ESTADO
G3: MES | H3: ABRIL
B4: SALDO ANTERIOR | E4: =+'MAR 2026'!H8 -> 18250
B5: DEPÓSITO RENDICION ANTERIOR | E5: 34470
B6: MONTO ADICIONAL | E6: 0
B7: MONTO A RENDIR | E7: =SUM(E4:E6) -> 52720
B8: RENDIDO | E8: =+G25 -> 41360 | G8: SALDO AL CIERRE | H8: =E7-E8 -> 11360
A10: N° | B10: Fecha | C10: Tipo Documento (boleta venta-boleta honorarios-factura) | D10: N° documento | E10: RUT Titular del documento | F10: Detalle | G10: Total | H10: Código Imputacion (RSM) 190
A11: 1 | B11: 46107 | C11: Boleta | F11: uber trabajo nocturno | G11: 12720
A12: 2 | B12: 46108 | C12: Boleta | D12: 860 | F12: agua | G12: 5000
A13: 3 | B13: 46108 | C13: boleta | D13: 108004 | F13: cena trabajo nocturno | G13: 6700
A14: 4 | B14: 46109 | C14: boleta | F14: transporte trabajo nocturno | G14: 11940
A15: 5 | B15: 46128 | C15: BOLETA | D15: 891 | F15: AGUA | G15: 5000
A16: 6
A17: 7
A18: 8
A19: 9
A20: 10
A21: 11
A22: 12
A23: 13
A24: 14
B25: TOTALES | G25: =SUM(G11:G24) -> 41360

Sheet MAY 2026
C1: RENDICION CAJA CHICA
C2: ESTADO
G3: MES | H3: MAYO
B4: SALDO ANTERIOR | E4: =+'ABR 2026'!H8 -> 11360
B5: DEPÓSITO RENDICION ANTERIOR
B6: MONTO ADICIONAL | E6: 0
B7: MONTO A RENDIR | E7: =SUM(E4:E6) -> 11360
B8: RENDIDO | E8: =+G25 -> 0 | G8: SALDO AL CIERRE | H8: =E7-E8 -> 11360
A10: N° | B10: Fecha | C10: Tipo Documento (boleta venta-boleta honorarios-factura) | D10: N° documento | E10: RUT Titular del documento | F10: Detalle | G10: Total | H10: Código Imputacion (RSM) 190
A11: 1
A12: 2
A13: 3
A14: 4
A15: 5
A16: 6
A17: 7
A18: 8
A19: 9
A20: 10
A21: 11
A22: 12
... A24: 14
B25: TOTALES | G25: =SUM(G11:G24) -> 0

Sheet JUN 2026
C1: RENDICION CAJA CHICA
C2: ESTADO
G3: MES | H3: JUNIO
B4: SALDO ANTERIOR | E4: =+'MAY 2026'!H8 -> 11360
B5: DEPÓSITO RENDICION ANTERIOR
B6: MONTO ADICIONAL | E6: 0
B7: MONTO A RENDIR | E7: =SUM(E4:E6) -> 11360
B8: RENDIDO | E8: =+G25 -> 0 | G8: SALDO AL CIERRE | H8: =E7-E8 -> 11360
A10: N° | B10: Fecha | C10: Tipo Documento (boleta venta-boleta honorarios-factura) | D10: N° documento | E10: RUT Titular del documento | F10: Detalle | G10: Total | H10: Código Imputacion (RSM) 190
A11: 1
A12: 2
A13: 3
A14: 4
A15: 5
A16: 6
A17: 7
A18: 8
A19: 9
A20: 10
A21: 11
A22: 12
... A24: 14
B25: TOTALES | G25: =SUM(G11:G24) -> 0
